Original ID,Practice ID,Chapter,Collection,Source
S1-Q1,S1-Q1,1,Test bank,Saunder_Chapter 1.docx | Q1 | Year not stated
S1-Q2,S1-Q2,1,Test bank,Saunder_Chapter 1.docx | Q2 | Year not stated
S1-Q3,S1-Q3,1,Test bank,Saunder_Chapter 1.docx | Q3 | Year not stated
S1-Q4,S1-Q4,1,Test bank,Saunder_Chapter 1.docx | Q4 | Year not stated
S1-Q5,S1-Q5,1,Test bank,Saunder_Chapter 1.docx | Q5 | Year not stated
S1-Q6,S1-Q6,1,Test bank,Saunder_Chapter 1.docx | Q6 | Year not stated
S1-Q7,S1-Q7,1,Test bank,Saunder_Chapter 1.docx | Q7 | Year not stated
S1-Q8,S1-Q8,1,Test bank,Saunder_Chapter 1.docx | Q8 | Year not stated
S1-Q9,S1-Q9,1,Test bank,Saunder_Chapter 1.docx | Q9 | Year not stated
S1-Q10,S1-Q10,1,Test bank,Saunder_Chapter 1.docx | Q10 | Year not stated
S1-Q11,S1-Q11,1,Test bank,Saunder_Chapter 1.docx | Q11 | Year not stated
S1-Q12,S1-Q12,1,Test bank,Saunder_Chapter 1.docx | Q12 | Year not stated
S1-Q13,S1-Q13,1,Test bank,Saunder_Chapter 1.docx | Q13 | Year not stated
S1-Q14,S1-Q14,1,Test bank,Saunder_Chapter 1.docx | Q14 | Year not stated
S1-Q15,S1-Q15,1,Test bank,Saunder_Chapter 1.docx | Q15 | Year not stated
S1-Q16,S1-Q16,1,Test bank,Saunder_Chapter 1.docx | Q16 | Year not stated
S1-Q17,S1-Q17,1,Test bank,Saunder_Chapter 1.docx | Q17 | Year not stated
S1-Q18,S1-Q18,1,Test bank,Saunder_Chapter 1.docx | Q18 | Year not stated
S1-Q19,S1-Q19,1,Test bank,Saunder_Chapter 1.docx | Q19 | Year not stated
S1-Q20,S1-Q20,1,Test bank,Saunder_Chapter 1.docx | Q20 | Year not stated
S1-Q21,S1-Q21,1,Test bank,Saunder_Chapter 1.docx | Q21 | Year not stated
S1-Q22,S1-Q22,1,Test bank,Saunder_Chapter 1.docx | Q22 | Year not stated
S1-Q23,S1-Q23,1,Test bank,Saunder_Chapter 1.docx | Q23 | Year not stated
S1-Q24,S1-Q24,1,Test bank,Saunder_Chapter 1.docx | Q24 | Year not stated
S1-Q25,S1-Q25,1,Test bank,Saunder_Chapter 1.docx | Q25 | Year not stated
S1-Q26,S1-Q26,1,Test bank,Saunder_Chapter 1.docx | Q26 | Year not stated
S1-Q27,S1-Q27,1,Test bank,Saunder_Chapter 1.docx | Q27 | Year not stated
S1-Q28,S1-Q28,1,Test bank,Saunder_Chapter 1.docx | Q28 | Year not stated
S1-Q29,S1-Q29,1,Test bank,Saunder_Chapter 1.docx | Q29 | Year not stated
S1-Q30,S1-Q30,1,Test bank,Saunder_Chapter 1.docx | Q30 | Year not stated
S1-Q31,S1-Q31,1,Test bank,Saunder_Chapter 1.docx | Q31 | Year not stated
S1-Q32,S1-Q32,1,Test bank,Saunder_Chapter 1.docx | Q32 | Year not stated
S1-Q33,S1-Q33,1,Test bank,Saunder_Chapter 1.docx | Q33 | Year not stated
S1-Q34,S1-Q34,1,Test bank,Saunder_Chapter 1.docx | Q34 | Year not stated
S1-Q35,S1-Q35,1,Test bank,Saunder_Chapter 1.docx | Q35 | Year not stated
S1-Q36,S1-Q36,1,Test bank,Saunder_Chapter 1.docx | Q36 | Year not stated
S1-Q37,S1-Q37,1,Test bank,Saunder_Chapter 1.docx | Q37 | Year not stated
S1-Q38,S1-Q38,1,Test bank,Saunder_Chapter 1.docx | Q38 | Year not stated
S1-Q39,S1-Q39,1,Test bank,Saunder_Chapter 1.docx | Q39 | Year not stated
S1-Q40,S1-Q40,1,Test bank,Saunder_Chapter 1.docx | Q40 | Year not stated
S1-Q41,S1-Q41,1,Test bank,Saunder_Chapter 1.docx | Q41 | Year not stated
S1-Q42,S1-Q42,1,Test bank,Saunder_Chapter 1.docx | Q42 | Year not stated | Saunder_Chapter 1.docx | Q51 | Year not stated
S1-Q43,S1-Q43,1,Test bank,Saunder_Chapter 1.docx | Q43 | Year not stated | Saunder_Chapter 1.docx | Q52 | Year not stated
S1-Q43-v2,S1-Q43-v2,1,Test bank,Saunder_Chapter 1.docx | Q43 (second occurrence) | Year not stated
S1-Q44,S1-Q44,1,Test bank,Saunder_Chapter 1.docx | Q44 | Year not stated
S1-Q45,S1-Q45,1,Test bank,Saunder_Chapter 1.docx | Q45 | Year not stated
S1-Q46,S1-Q46,1,Test bank,Saunder_Chapter 1.docx | Q46 | Year not stated
S1-Q47,S1-Q47,1,Test bank,Saunder_Chapter 1.docx | Q47 | Year not stated
S1-Q48,S1-Q48,1,Test bank,Saunder_Chapter 1.docx | Q48 | Year not stated
S1-Q49,S1-Q49-P1,1,Test bank,Saunder_Chapter 1.docx | Q49 | Year not stated
S1-Q50,S1-Q50,1,Test bank,Saunder_Chapter 1.docx | Q50 | Year not stated
S1-Q53,S1-Q53,1,Test bank,Saunder_Chapter 1.docx | Q53 | Year not stated
S1-Q54,S1-Q54,1,Test bank,Saunder_Chapter 1.docx | Q54 | Year not stated
S1-Q55,S1-Q55,1,Test bank,Saunder_Chapter 1.docx | Q55 | Year not stated
S1-Q56,S1-Q56,1,Test bank,Saunder_Chapter 1.docx | Q56 | Year not stated
S1-Q57,S1-Q57,1,Test bank,Saunder_Chapter 1.docx | Q57 | Year not stated
S1-Q58,S1-Q58,1,Test bank,Saunder_Chapter 1.docx | Q58 | Year not stated
S1-Q59,S1-Q59,1,Test bank,Saunder_Chapter 1.docx | Q59 | Year not stated
S1-Q60,S1-Q60,1,Test bank,Saunder_Chapter 1.docx | Q60 | Year not stated
S1-Q61,S1-Q61,1,Test bank,Saunder_Chapter 1.docx | Q61 | Year not stated
S1-Q62,S1-Q62,1,Test bank,Saunder_Chapter 1.docx | Q62 | Year not stated
S1-Q63,S1-Q63,1,Test bank,Saunder_Chapter 1.docx | Q63 | Year not stated
S1-Q64,S1-Q64,1,Test bank,Saunder_Chapter 1.docx | Q64 | Year not stated
S1-Q65,S1-Q65,1,Test bank,Saunder_Chapter 1.docx | Q65 | Year not stated
S1-Q66,S1-Q66,1,Test bank,Saunder_Chapter 1.docx | Q66 | Year not stated
S1-Q67,S1-Q67,1,Test bank,Saunder_Chapter 1.docx | Q67 | Year not stated
S1-Q68,S1-Q68,1,Test bank,Saunder_Chapter 1.docx | Q68 | Year not stated
S1-Q69,S1-Q69,1,Test bank,Saunder_Chapter 1.docx | Q69 | Year not stated
S1-Q70,S1-Q70,1,Test bank,Saunder_Chapter 1.docx | Q70 | Year not stated
S1-Q71,S1-Q71,1,Test bank,Saunder_Chapter 1.docx | Q71 | Year not stated
S1-Q72,S1-Q72,1,Test bank,Saunder_Chapter 1.docx | Q72 | Year not stated
S1-Q73,S1-Q73,1,Test bank,Saunder_Chapter 1.docx | Q73 | Year not stated
S1-Q74,S1-Q74,1,Test bank,Saunder_Chapter 1.docx | Q74 | Year not stated
S1-Q75,S1-Q75,1,Test bank,Saunder_Chapter 1.docx | Q75 | Year not stated
S1-Q76,S1-Q76,1,Test bank,Saunder_Chapter 1.docx | Q76 | Year not stated
S1-Q77,S1-Q77,1,Test bank,Saunder_Chapter 1.docx | Q77 | Year not stated
S1-Q78,S1-Q78,1,Test bank,Saunder_Chapter 1.docx | Q78 | Year not stated
S1-Q79,S1-Q79,1,Test bank,Saunder_Chapter 1.docx | Q79 | Year not stated
S1-Q80,S1-Q80,1,Test bank,Saunder_Chapter 1.docx | Q80 | Year not stated
S1-Q81,S1-Q81,1,Test bank,Saunder_Chapter 1.docx | Q81 | Year not stated
S1-Q82,S1-Q82,1,Test bank,Saunder_Chapter 1.docx | Q82 | Year not stated
S1-Q83,S1-Q83,1,Test bank,Saunder_Chapter 1.docx | Q83 | Year not stated
S1-Q84,S1-Q84,1,Test bank,Saunder_Chapter 1.docx | Q84 | Year not stated
S3-Q1,S3-Q1,4,Test bank,Saunder_Chapter 3.docx | Q1 | Year not stated
S3-Q2,S3-Q2,4,Test bank,Saunder_Chapter 3.docx | Q2 | Year not stated
S3-Q3,S3-Q3,4,Test bank,Saunder_Chapter 3.docx | Q3 | Year not stated
S3-Q4,S3-Q4,4,Test bank,Saunder_Chapter 3.docx | Q4 | Year not stated
S3-Q5,S3-Q5,4,Test bank,Saunder_Chapter 3.docx | Q5 | Year not stated
S3-Q6,S3-Q6,4,Test bank,Saunder_Chapter 3.docx | Q6 | Year not stated
S3-Q7,S3-Q7,4,Test bank,Saunder_Chapter 3.docx | Q7 | Year not stated
S3-Q8,S3-Q8,4,Test bank,Saunder_Chapter 3.docx | Q8 | Year not stated
S3-Q9,S3-Q9,4,Test bank,Saunder_Chapter 3.docx | Q9 | Year not stated
S3-Q10,S3-Q10,4,Test bank,Saunder_Chapter 3.docx | Q10 | Year not stated
S3-Q11,S3-Q11,4,Test bank,Saunder_Chapter 3.docx | Q11 | Year not stated
S3-Q12,S3-Q12,4,Test bank,Saunder_Chapter 3.docx | Q12 | Year not stated
S3-Q13,S3-Q13,4,Test bank,Saunder_Chapter 3.docx | Q13 | Year not stated
S3-Q14,S3-Q14,4,Test bank,Saunder_Chapter 3.docx | Q14 | Year not stated
S3-Q15,S3-Q15,4,Test bank,Saunder_Chapter 3.docx | Q15 | Year not stated
S3-Q16,S3-Q16,4,Test bank,Saunder_Chapter 3.docx | Q16 | Year not stated
S3-Q17,S3-Q17,4,Test bank,Saunder_Chapter 3.docx | Q17 | Year not stated
S3-Q18,S3-Q18,4,Test bank,Saunder_Chapter 3.docx | Q18 | Year not stated
S3-Q19,S3-Q19,4,Test bank,Saunder_Chapter 3.docx | Q19 | Year not stated
S3-Q20,S3-Q20,4,Test bank,Saunder_Chapter 3.docx | Q20 | Year not stated
S3-Q21,S3-Q21,4,Test bank,Saunder_Chapter 3.docx | Q21 | Year not stated
S3-Q22,S3-Q22,4,Test bank,Saunder_Chapter 3.docx | Q22 | Year not stated
S3-Q23,S3-Q23,4,Test bank,Saunder_Chapter 3.docx | Q23 | Year not stated
S3-Q24,S3-Q24,4,Test bank,Saunder_Chapter 3.docx | Q24 | Year not stated
S3-Q25,S3-Q25,4,Test bank,Saunder_Chapter 3.docx | Q25 | Year not stated
S3-Q26,S3-Q26,4,Test bank,Saunder_Chapter 3.docx | Q26 | Year not stated
S3-Q27,S3-Q27,4,Test bank,Saunder_Chapter 3.docx | Q27 | Year not stated
S3-Q28,S3-Q28,4,Test bank,Saunder_Chapter 3.docx | Q28 | Year not stated
S3-Q29,S3-Q29,4,Test bank,Saunder_Chapter 3.docx | Q29 | Year not stated
S3-Q30,S3-Q30,4,Test bank,Saunder_Chapter 3.docx | Q30 | Year not stated
S3-Q31,S3-Q31,4,Test bank,Saunder_Chapter 3.docx | Q31 | Year not stated
S3-Q32,S3-Q32,4,Test bank,Saunder_Chapter 3.docx | Q32 | Year not stated
S3-Q33,S3-Q33,4,Test bank,Saunder_Chapter 3.docx | Q33 | Year not stated
S3-Q34,S3-Q34,4,Test bank,Saunder_Chapter 3.docx | Q34 | Year not stated
S3-Q35,S3-Q35,4,Test bank,Saunder_Chapter 3.docx | Q35 | Year not stated
S3-Q36,S3-Q36,4,Test bank,Saunder_Chapter 3.docx | Q36 | Year not stated
S3-Q37,S3-Q37,4,Test bank,Saunder_Chapter 3.docx | Q37 | Year not stated
S3-Q38,S3-Q38,4,Test bank,Saunder_Chapter 3.docx | Q38 | Year not stated
S3-Q39,S3-Q39,4,Test bank,Saunder_Chapter 3.docx | Q39 | Year not stated
S3-Q40,S3-Q40,4,Test bank,Saunder_Chapter 3.docx | Q40 | Year not stated
S3-Q41,S3-Q41,4,Test bank,Saunder_Chapter 3.docx | Q41 | Year not stated
S3-Q42,S3-Q42,4,Test bank,Saunder_Chapter 3.docx | Q42 | Year not stated
S3-Q43,S3-Q43,4,Test bank,Saunder_Chapter 3.docx | Q43 | Year not stated
S3-Q44,S3-Q44,4,Test bank,Saunder_Chapter 3.docx | Q44 | Year not stated
S3-Q45,S3-Q45,4,Test bank,Saunder_Chapter 3.docx | Q45 | Year not stated
S3-Q46,S3-Q46,4,Test bank,Saunder_Chapter 3.docx | Q46 | Year not stated
S3-Q47,S3-Q47,4,Test bank,Saunder_Chapter 3.docx | Q47 | Year not stated
S3-Q48,S3-Q48,4,Test bank,Saunder_Chapter 3.docx | Q48 | Year not stated
S3-Q49,S3-Q49,4,Test bank,Saunder_Chapter 3.docx | Q49 | Year not stated
S3-Q50,S3-Q50,4,Test bank,Saunder_Chapter 3.docx | Q50 | Year not stated
S3-Q51,S3-Q51,4,Test bank,Saunder_Chapter 3.docx | Q51 | Year not stated
S3-Q52,S3-Q52,4,Test bank,Saunder_Chapter 3.docx | Q52 | Year not stated
S3-Q53,S3-Q53,4,Test bank,Saunder_Chapter 3.docx | Q53 | Year not stated
S3-Q54,S3-Q54,4,Test bank,Saunder_Chapter 3.docx | Q54 | Year not stated
S3-Q55,S3-Q55,4,Test bank,Saunder_Chapter 3.docx | Q55 | Year not stated
S3-Q56,S3-Q56,4,Test bank,Saunder_Chapter 3.docx | Q56 | Year not stated
S3-Q57,S3-Q57,4,Test bank,Saunder_Chapter 3.docx | Q57 | Year not stated
S3-Q58,S3-Q58,4,Test bank,Saunder_Chapter 3.docx | Q58 | Year not stated
S3-Q59,S3-Q59,4,Test bank,Saunder_Chapter 3.docx | Q59 | Year not stated
S3-Q60,S3-Q60,4,Test bank,Saunder_Chapter 3.docx | Q60 | Year not stated
S3-Q61,S3-Q61,4,Test bank,Saunder_Chapter 3.docx | Q61 | Year not stated
S3-Q62,S3-Q62,4,Test bank,Saunder_Chapter 3.docx | Q62 | Year not stated
S3-Q63,S3-Q63,4,Test bank,Saunder_Chapter 3.docx | Q63 | Year not stated
S3-Q64,S3-Q64,4,Test bank,Saunder_Chapter 3.docx | Q64 | Year not stated
S3-Q65,S3-Q65,4,Test bank,Saunder_Chapter 3.docx | Q65 | Year not stated
S3-Q66,S3-Q66,4,Test bank,Saunder_Chapter 3.docx | Q66 | Year not stated
S3-Q67,S3-Q67,4,Test bank,Saunder_Chapter 3.docx | Q67 | Year not stated
S3-Q68,S3-Q68,4,Test bank,Saunder_Chapter 3.docx | Q68 | Year not stated
S3-Q69,S3-Q69,4,Test bank,Saunder_Chapter 3.docx | Q69 | Year not stated
S3-Q70,S3-Q70,4,Test bank,Saunder_Chapter 3.docx | Q70 | Year not stated
S3-Q71,S3-Q71,4,Test bank,Saunder_Chapter 3.docx | Q71 | Year not stated
S3-Q72,S3-Q72,4,Test bank,Saunder_Chapter 3.docx | Q72 | Year not stated
S3-Q73,S3-Q73,4,Test bank,Saunder_Chapter 3.docx | Q73 | Year not stated
S3-Q74,S3-Q74,4,Test bank,Saunder_Chapter 3.docx | Q74 | Year not stated
S3-Q75,S3-Q75,4,Test bank,Saunder_Chapter 3.docx | Q75 | Year not stated
S3-Q76,S3-Q76,4,Test bank,Saunder_Chapter 3.docx | Q76 | Year not stated
M1.1-Q1,M1.1-Q1,1,Test bank,Mishkin_TB.docx | Section 1.1 | Q1 | Year not stated
M1.1-Q2,M1.1-Q2,1,Test bank,Mishkin_TB.docx | Section 1.1 | Q2 | Year not stated
M1.1-Q3,M1.1-Q3,1,Test bank,Mishkin_TB.docx | Section 1.1 | Q3 | Year not stated
M1.1-Q4,M1.1-Q4,1,Test bank,Mishkin_TB.docx | Section 1.1 | Q4 | Year not stated
M1.1-Q5,M1.1-Q5,1,Test bank,Mishkin_TB.docx | Section 1.1 | Q5 | Year not stated
M1.1-Q6,M1.1-Q6,1,Test bank,Mishkin_TB.docx | Section 1.1 | Q6 | Year not stated
M1.1-Q7,M1.1-Q7,1,Test bank,Mishkin_TB.docx | Section 1.1 | Q7 | Year not stated
M1.1-Q8,M1.1-Q8,1,Test bank,Mishkin_TB.docx | Section 1.1 | Q8 | Year not stated
M1.1-Q9,M1.1-Q9,1,Test bank,Mishkin_TB.docx | Section 1.1 | Q9 | Year not stated
M1.1-Q10,M1.1-Q10,1,Test bank,Mishkin_TB.docx | Section 1.1 | Q10 | Year not stated
M1.1-Q11,M1.1-Q11,1,Test bank,Mishkin_TB.docx | Section 1.1 | Q11 | Year not stated
M1.1-Q12,M1.1-Q12,1,Test bank,Mishkin_TB.docx | Section 1.1 | Q12 | Year not stated
M1.1-Q13,M1.1-Q13,1,Test bank,Mishkin_TB.docx | Section 1.1 | Q13 | Year not stated
M1.1-Q14,M1.1-Q14,1,Test bank,Mishkin_TB.docx | Section 1.1 | Q14 | Year not stated
M1.1-Q15,M1.1-Q15,1,Test bank,Mishkin_TB.docx | Section 1.1 | Q15 | Year not stated
M1.1-Q16,M1.1-Q16,1,Test bank,Mishkin_TB.docx | Section 1.1 | Q16 | Year not stated
M1.1-Q17,M1.1-Q17,1,Test bank,Mishkin_TB.docx | Section 1.1 | Q17 | Year not stated
M1.1-Q18,M1.1-Q18,1,Test bank,Mishkin_TB.docx | Section 1.1 | Q18 | Year not stated
M1.1-Q19,M1.1-Q19,1,Test bank,Mishkin_TB.docx | Section 1.1 | Q19 | Year not stated
M1.1-Q20,M1.1-Q20,1,Test bank,Mishkin_TB.docx | Section 1.1 | Q20 | Year not stated
M1.1-Q21,M1.1-Q21,1,Test bank,Mishkin_TB.docx | Section 1.1 | Q21 | Year not stated
M1.1-Q22,M1.1-Q22,1,Test bank,Mishkin_TB.docx | Section 1.1 | Q22 | Year not stated
M1.1-Q23,M1.1-Q23,1,Test bank,Mishkin_TB.docx | Section 1.1 | Q23 | Year not stated
M1.1-Q24,M1.1-Q24,1,Test bank,Mishkin_TB.docx | Section 1.1 | Q24 | Year not stated
M1.1-Q25,M1.1-Q25,1,Test bank,Mishkin_TB.docx | Section 1.1 | Q25 | Year not stated
M1.1-Q26,M1.1-Q26,1,Test bank,Mishkin_TB.docx | Section 1.1 | Q26 | Year not stated
M1.1-Q27,M1.1-Q27,1,Test bank,Mishkin_TB.docx | Section 1.1 | Q27 | Year not stated
M1.1-Q28,M1.1-Q28,1,Test bank,Mishkin_TB.docx | Section 1.1 | Q28 | Year not stated
M1.1-Q29,M1.1-Q29-P1,1,Test bank,Mishkin_TB.docx | Section 1.1 | Q29 | Year not stated
M1.1-Q29,M1.1-Q29-P2,1,Test bank,Mishkin_TB.docx | Section 1.1 | Q29 | Year not stated
M1.1-Q30,M1.1-Q30-P1,1,Test bank,Mishkin_TB.docx | Section 1.1 | Q30 | Year not stated
M1.2-Q1,M1.2-Q1,1,Test bank,Mishkin_TB.docx | Section 1.2 | Q1 | Year not stated
M1.2-Q2,M1.2-Q2,1,Test bank,Mishkin_TB.docx | Section 1.2 | Q2 | Year not stated
M1.2-Q3,M1.2-Q3,1,Test bank,Mishkin_TB.docx | Section 1.2 | Q3 | Year not stated
M1.2-Q4,M1.2-Q4,1,Test bank,Mishkin_TB.docx | Section 1.2 | Q4 | Year not stated
M1.2-Q5,M1.2-Q5,1,Test bank,Mishkin_TB.docx | Section 1.2 | Q5 | Year not stated
M1.2-Q6,M1.2-Q6,1,Test bank,Mishkin_TB.docx | Section 1.2 | Q6 | Year not stated
M1.2-Q7,M1.2-Q7,1,Test bank,Mishkin_TB.docx | Section 1.2 | Q7 | Year not stated
M1.2-Q8,M1.2-Q8,1,Test bank,Mishkin_TB.docx | Section 1.2 | Q8 | Year not stated
M1.2-Q9,M1.2-Q9,1,Test bank,Mishkin_TB.docx | Section 1.2 | Q9 | Year not stated
M1.2-Q10,M1.2-Q10,1,Test bank,Mishkin_TB.docx | Section 1.2 | Q10 | Year not stated
M1.2-Q11,M1.2-Q11,1,Test bank,Mishkin_TB.docx | Section 1.2 | Q11 | Year not stated
M1.2-Q12,M1.2-Q12-P1,1,Test bank,Mishkin_TB.docx | Section 1.2 | Q12 | Year not stated
M1.3-Q1,M1.3-Q1,1,Test bank,Mishkin_TB.docx | Section 1.3 | Q1 | Year not stated
M1.3-Q2,M1.3-Q2,1,Test bank,Mishkin_TB.docx | Section 1.3 | Q2 | Year not stated
M1.3-Q3,M1.3-Q3,1,Test bank,Mishkin_TB.docx | Section 1.3 | Q3 | Year not stated
M1.3-Q4,M1.3-Q4,1,Test bank,Mishkin_TB.docx | Section 1.3 | Q4 | Year not stated
M1.3-Q5,M1.3-Q5,1,Test bank,Mishkin_TB.docx | Section 1.3 | Q5 | Year not stated
M1.3-Q6,M1.3-Q6,1,Test bank,Mishkin_TB.docx | Section 1.3 | Q6 | Year not stated
M1.3-Q7,M1.3-Q7,1,Test bank,Mishkin_TB.docx | Section 1.3 | Q7 | Year not stated
M1.3-Q8,M1.3-Q8,1,Test bank,Mishkin_TB.docx | Section 1.3 | Q8 | Year not stated
M1.3-Q9,M1.3-Q9,1,Test bank,Mishkin_TB.docx | Section 1.3 | Q9 | Year not stated
M1.3-Q10,M1.3-Q10,1,Test bank,Mishkin_TB.docx | Section 1.3 | Q10 | Year not stated
M1.3-Q11,M1.3-Q11,1,Test bank,Mishkin_TB.docx | Section 1.3 | Q11 | Year not stated
M1.3-Q12,M1.3-Q12,1,Test bank,Mishkin_TB.docx | Section 1.3 | Q12 | Year not stated
M1.3-Q13,M1.3-Q13,1,Test bank,Mishkin_TB.docx | Section 1.3 | Q13 | Year not stated
M1.3-Q14,M1.3-Q14,1,Test bank,Mishkin_TB.docx | Section 1.3 | Q14 | Year not stated
M1.3-Q15,M1.3-Q15,1,Test bank,Mishkin_TB.docx | Section 1.3 | Q15 | Year not stated
M1.3-Q16,M1.3-Q16,1,Test bank,Mishkin_TB.docx | Section 1.3 | Q16 | Year not stated
M1.3-Q17,M1.3-Q17,1,Test bank,Mishkin_TB.docx | Section 1.3 | Q17 | Year not stated
M1.3-Q18,M1.3-Q18,1,Test bank,Mishkin_TB.docx | Section 1.3 | Q18 | Year not stated
M1.3-Q19,M1.3-Q19,1,Test bank,Mishkin_TB.docx | Section 1.3 | Q19 | Year not stated
M1.3-Q20,M1.3-Q20,1,Test bank,Mishkin_TB.docx | Section 1.3 | Q20 | Year not stated
M1.3-Q21,M1.3-Q21,1,Test bank,Mishkin_TB.docx | Section 1.3 | Q21 | Year not stated
M1.3-Q22,M1.3-Q22,1,Test bank,Mishkin_TB.docx | Section 1.3 | Q22 | Year not stated
M1.3-Q23,M1.3-Q23,1,Test bank,Mishkin_TB.docx | Section 1.3 | Q23 | Year not stated
M1.3-Q24,M1.3-Q24,1,Test bank,Mishkin_TB.docx | Section 1.3 | Q24 | Year not stated
M1.3-Q25,M1.3-Q25-P1,1,Test bank,Mishkin_TB.docx | Section 1.3 | Q25 | Year not stated
M1.3-Q25,M1.3-Q25-P2,1,Test bank,Mishkin_TB.docx | Section 1.3 | Q25 | Year not stated
M1.5-Q1,M1.5-Q1,1,Test bank,Mishkin_TB.docx | Section 1.5 | Q1 | Year not stated
M1.5-Q2,M1.5-Q2,1,Test bank,Mishkin_TB.docx | Section 1.5 | Q2 | Year not stated
M1.5-Q3,M1.5-Q3,1,Test bank,Mishkin_TB.docx | Section 1.5 | Q3 | Year not stated
M1.5-Q4,M1.5-Q4,1,Test bank,Mishkin_TB.docx | Section 1.5 | Q4 | Year not stated
M1.5-Q5,M1.5-Q5,1,Test bank,Mishkin_TB.docx | Section 1.5 | Q5 | Year not stated
M1.5-Q6,M1.5-Q6,1,Test bank,Mishkin_TB.docx | Section 1.5 | Q6 | Year not stated
M1.5-Q7,M1.5-Q7,1,Test bank,Mishkin_TB.docx | Section 1.5 | Q7 | Year not stated
M1.5-Q8,M1.5-Q8,1,Test bank,Mishkin_TB.docx | Section 1.5 | Q8 | Year not stated
M1.5-Q9,M1.5-Q9,1,Test bank,Mishkin_TB.docx | Section 1.5 | Q9 | Year not stated
M1.5-Q10,M1.5-Q10,1,Test bank,Mishkin_TB.docx | Section 1.5 | Q10 | Year not stated
M1.5-Q11,M1.5-Q11,1,Test bank,Mishkin_TB.docx | Section 1.5 | Q11 | Year not stated
M1.5-Q12,M1.5-Q12,1,Test bank,Mishkin_TB.docx | Section 1.5 | Q12 | Year not stated
M1.5-Q13,M1.5-Q13,1,Test bank,Mishkin_TB.docx | Section 1.5 | Q13 | Year not stated
M1.5-Q14,M1.5-Q14,1,Test bank,Mishkin_TB.docx | Section 1.5 | Q14 | Year not stated
M1.5-Q15,M1.5-Q15,1,Test bank,Mishkin_TB.docx | Section 1.5 | Q15 | Year not stated
M1.5-Q16,M1.5-Q16,1,Test bank,Mishkin_TB.docx | Section 1.5 | Q16 | Year not stated
M1.5-Q17,M1.5-Q17,1,Test bank,Mishkin_TB.docx | Section 1.5 | Q17 | Year not stated
M1.5-Q18,M1.5-Q18,1,Test bank,Mishkin_TB.docx | Section 1.5 | Q18 | Year not stated
M1.5-Q19,M1.5-Q19,1,Test bank,Mishkin_TB.docx | Section 1.5 | Q19 | Year not stated
M1.5-Q20,M1.5-Q20,1,Test bank,Mishkin_TB.docx | Section 1.5 | Q20 | Year not stated
M2.1-Q1,M2.1-Q1,1,Test bank,Mishkin_TB.docx | Section 2.1 | Q1 | Year not stated
M2.1-Q2,M2.1-Q2,1,Test bank,Mishkin_TB.docx | Section 2.1 | Q2 | Year not stated
M2.1-Q3,M2.1-Q3,1,Test bank,Mishkin_TB.docx | Section 2.1 | Q3 | Year not stated
M2.1-Q4,M2.1-Q4,1,Test bank,Mishkin_TB.docx | Section 2.1 | Q4 | Year not stated
M2.1-Q5,M2.1-Q5,1,Test bank,Mishkin_TB.docx | Section 2.1 | Q5 | Year not stated
M2.1-Q6,M2.1-Q6,1,Test bank,Mishkin_TB.docx | Section 2.1 | Q6 | Year not stated
M2.1-Q7,M2.1-Q7,1,Test bank,Mishkin_TB.docx | Section 2.1 | Q7 | Year not stated
M2.1-Q8,M2.1-Q8,1,Test bank,Mishkin_TB.docx | Section 2.1 | Q8 | Year not stated
M2.1-Q9,M2.1-Q9,1,Test bank,Mishkin_TB.docx | Section 2.1 | Q9 | Year not stated
M2.1-Q10,M2.1-Q10,1,Test bank,Mishkin_TB.docx | Section 2.1 | Q10 | Year not stated
M2.1-Q11,M2.1-Q11,1,Test bank,Mishkin_TB.docx | Section 2.1 | Q11 | Year not stated
M2.1-Q12,M2.1-Q12,1,Test bank,Mishkin_TB.docx | Section 2.1 | Q12 | Year not stated
M2.1-Q13,M2.1-Q13,1,Test bank,Mishkin_TB.docx | Section 2.1 | Q13 | Year not stated
M2.1-Q14,M2.1-Q14,1,Test bank,Mishkin_TB.docx | Section 2.1 | Q14 | Year not stated
M2.1-Q15,M2.1-Q15,1,Test bank,Mishkin_TB.docx | Section 2.1 | Q15 | Year not stated
M2.1-Q16,M2.1-Q16,1,Test bank,Mishkin_TB.docx | Section 2.1 | Q16 | Year not stated
M2.1-Q17,M2.1-Q17-P1,1,Test bank,Mishkin_TB.docx | Section 2.1 | Q17 | Year not stated
M2.1-Q17,M2.1-Q17-P2,1,Test bank,Mishkin_TB.docx | Section 2.1 | Q17 | Year not stated
M2.2-Q1,M2.2-Q1,1,Test bank,Mishkin_TB.docx | Section 2.2 | Q1 | Year not stated
M2.2-Q2,M2.2-Q2,1,Test bank,Mishkin_TB.docx | Section 2.2 | Q2 | Year not stated
M2.2-Q3,M2.2-Q3,1,Test bank,Mishkin_TB.docx | Section 2.2 | Q3 | Year not stated
M2.2-Q4,M2.2-Q4,1,Test bank,Mishkin_TB.docx | Section 2.2 | Q4 | Year not stated
M2.2-Q5,M2.2-Q5,1,Test bank,Mishkin_TB.docx | Section 2.2 | Q5 | Year not stated
M2.2-Q6,M2.2-Q6,1,Test bank,Mishkin_TB.docx | Section 2.2 | Q6 | Year not stated
M2.2-Q7,M2.2-Q7,1,Test bank,Mishkin_TB.docx | Section 2.2 | Q7 | Year not stated
M2.2-Q8,M2.2-Q8,1,Test bank,Mishkin_TB.docx | Section 2.2 | Q8 | Year not stated
M2.2-Q9,M2.2-Q9,1,Test bank,Mishkin_TB.docx | Section 2.2 | Q9 | Year not stated
M2.2-Q10,M2.2-Q10,1,Test bank,Mishkin_TB.docx | Section 2.2 | Q10 | Year not stated
M2.2-Q11,M2.2-Q11,1,Test bank,Mishkin_TB.docx | Section 2.2 | Q11 | Year not stated
M2.2-Q12,M2.2-Q12,1,Test bank,Mishkin_TB.docx | Section 2.2 | Q12 | Year not stated
M2.2-Q13,M2.2-Q13,1,Test bank,Mishkin_TB.docx | Section 2.2 | Q13 | Year not stated
M2.2-Q14,M2.2-Q14,1,Test bank,Mishkin_TB.docx | Section 2.2 | Q14 | Year not stated
M2.2-Q15,M2.2-Q15,1,Test bank,Mishkin_TB.docx | Section 2.2 | Q15 | Year not stated
M2.2-Q16,M2.2-Q16,1,Test bank,Mishkin_TB.docx | Section 2.2 | Q16 | Year not stated
M2.2-Q17,M2.2-Q17,1,Test bank,Mishkin_TB.docx | Section 2.2 | Q17 | Year not stated
M2.2-Q18,M2.2-Q18,1,Test bank,Mishkin_TB.docx | Section 2.2 | Q18 | Year not stated
M2.2-Q19,M2.2-Q19,1,Test bank,Mishkin_TB.docx | Section 2.2 | Q19 | Year not stated
M2.2-Q20,M2.2-Q20,1,Test bank,Mishkin_TB.docx | Section 2.2 | Q20 | Year not stated
M2.2-Q21,M2.2-Q21,1,Test bank,Mishkin_TB.docx | Section 2.2 | Q21 | Year not stated
M2.2-Q22,M2.2-Q22,1,Test bank,Mishkin_TB.docx | Section 2.2 | Q22 | Year not stated
M2.2-Q23,M2.2-Q23,1,Test bank,Mishkin_TB.docx | Section 2.2 | Q23 | Year not stated
M2.2-Q24,M2.2-Q24,1,Test bank,Mishkin_TB.docx | Section 2.2 | Q24 | Year not stated
M2.2-Q25,M2.2-Q25,1,Test bank,Mishkin_TB.docx | Section 2.2 | Q25 | Year not stated
M2.2-Q26,M2.2-Q26-P1,1,Test bank,Mishkin_TB.docx | Section 2.2 | Q26 | Year not stated
M2.2-Q27,M2.2-Q27-P1,1,Test bank,Mishkin_TB.docx | Section 2.2 | Q27 | Year not stated
M2.3-Q1,M2.3-Q1,5,Test bank,Mishkin_TB.docx | Section 2.3 | Q1 | Year not stated
M2.3-Q2,M2.3-Q2,5,Test bank,Mishkin_TB.docx | Section 2.3 | Q2 | Year not stated
M2.3-Q3,M2.3-Q3,5,Test bank,Mishkin_TB.docx | Section 2.3 | Q3 | Year not stated
M2.3-Q4,M2.3-Q4,5,Test bank,Mishkin_TB.docx | Section 2.3 | Q4 | Year not stated
M2.3-Q5,M2.3-Q5,5,Test bank,Mishkin_TB.docx | Section 2.3 | Q5 | Year not stated
M2.3-Q6,M2.3-Q6,5,Test bank,Mishkin_TB.docx | Section 2.3 | Q6 | Year not stated
M2.3-Q7,M2.3-Q7,5,Test bank,Mishkin_TB.docx | Section 2.3 | Q7 | Year not stated
M2.3-Q8,M2.3-Q8,5,Test bank,Mishkin_TB.docx | Section 2.3 | Q8 | Year not stated
M2.3-Q9,M2.3-Q9,5,Test bank,Mishkin_TB.docx | Section 2.3 | Q9 | Year not stated
M2.3-Q10,M2.3-Q10,5,Test bank,Mishkin_TB.docx | Section 2.3 | Q10 | Year not stated
M2.3-Q11,M2.3-Q11,5,Test bank,Mishkin_TB.docx | Section 2.3 | Q11 | Year not stated
M2.3-Q12,M2.3-Q12,5,Test bank,Mishkin_TB.docx | Section 2.3 | Q12 | Year not stated
M2.3-Q13,M2.3-Q13,5,Test bank,Mishkin_TB.docx | Section 2.3 | Q13 | Year not stated
M2.3-Q14,M2.3-Q14,5,Test bank,Mishkin_TB.docx | Section 2.3 | Q14 | Year not stated
M2.3-Q15,M2.3-Q15,5,Test bank,Mishkin_TB.docx | Section 2.3 | Q15 | Year not stated
M2.3-Q16,M2.3-Q16,5,Test bank,Mishkin_TB.docx | Section 2.3 | Q16 | Year not stated
M2.3-Q17,M2.3-Q17,5,Test bank,Mishkin_TB.docx | Section 2.3 | Q17 | Year not stated
M2.3-Q18,M2.3-Q18,5,Test bank,Mishkin_TB.docx | Section 2.3 | Q18 | Year not stated
M2.3-Q19,M2.3-Q19,5,Test bank,Mishkin_TB.docx | Section 2.3 | Q19 | Year not stated
M2.5-Q1,M2.5-Q1,1,Test bank,Mishkin_TB.docx | Section 2.5 | Q1 | Year not stated
M2.5-Q2,M2.5-Q2,1,Test bank,Mishkin_TB.docx | Section 2.5 | Q2 | Year not stated
M2.5-Q3,M2.5-Q3,1,Test bank,Mishkin_TB.docx | Section 2.5 | Q3 | Year not stated
M2.5-Q4,M2.5-Q4,1,Test bank,Mishkin_TB.docx | Section 2.5 | Q4 | Year not stated
M2.5-Q5,M2.5-Q5,1,Test bank,Mishkin_TB.docx | Section 2.5 | Q5 | Year not stated
M2.5-Q6,M2.5-Q6,1,Test bank,Mishkin_TB.docx | Section 2.5 | Q6 | Year not stated
M2.5-Q7,M2.5-Q7,6,Test bank,Mishkin_TB.docx | Section 2.5 | Q7 | Year not stated
M2.5-Q8,M2.5-Q8,6,Test bank,Mishkin_TB.docx | Section 2.5 | Q8 | Year not stated
M2.5-Q9,M2.5-Q9,6,Test bank,Mishkin_TB.docx | Section 2.5 | Q9 | Year not stated
M2.5-Q10,M2.5-Q10,6,Test bank,Mishkin_TB.docx | Section 2.5 | Q10 | Year not stated
M2.5-Q11,M2.5-Q11,6,Test bank,Mishkin_TB.docx | Section 2.5 | Q11 | Year not stated
M2.5-Q12,M2.5-Q12,1,Test bank,Mishkin_TB.docx | Section 2.5 | Q12 | Year not stated
M2.5-Q13,M2.5-Q13,1,Test bank,Mishkin_TB.docx | Section 2.5 | Q13 | Year not stated
M2.5-Q14,M2.5-Q14,1,Test bank,Mishkin_TB.docx | Section 2.5 | Q14 | Year not stated | Mishkin_TB.docx | Section 8.3 | Q3 | Year not stated
M2.5-Q15,M2.5-Q15,1,Test bank,Mishkin_TB.docx | Section 2.5 | Q15 | Year not stated
M2.5-Q16,M2.5-Q16,1,Test bank,Mishkin_TB.docx | Section 2.5 | Q16 | Year not stated
M2.5-Q17,M2.5-Q17,1,Test bank,Mishkin_TB.docx | Section 2.5 | Q17 | Year not stated
M2.5-Q18,M2.5-Q18,1,Test bank,Mishkin_TB.docx | Section 2.5 | Q18 | Year not stated
M2.5-Q19,M2.5-Q19,1,Test bank,Mishkin_TB.docx | Section 2.5 | Q19 | Year not stated
M2.5-Q20,M2.5-Q20-P1,1,Test bank,Mishkin_TB.docx | Section 2.5 | Q20 | Year not stated
M2.6-Q1,M2.6-Q1,1,Test bank,Mishkin_TB.docx | Section 2.6 | Q1 | Year not stated
M2.6-Q2,M2.6-Q2,1,Test bank,Mishkin_TB.docx | Section 2.6 | Q2 | Year not stated
M2.6-Q3,M2.6-Q3,1,Test bank,Mishkin_TB.docx | Section 2.6 | Q3 | Year not stated
M2.6-Q4,M2.6-Q4,1,Test bank,Mishkin_TB.docx | Section 2.6 | Q4 | Year not stated
M2.6-Q5,M2.6-Q5,1,Test bank,Mishkin_TB.docx | Section 2.6 | Q5 | Year not stated
M2.6-Q6,M2.6-Q6,1,Test bank,Mishkin_TB.docx | Section 2.6 | Q6 | Year not stated
M2.6-Q7,M2.6-Q7,1,Test bank,Mishkin_TB.docx | Section 2.6 | Q7 | Year not stated
M2.6-Q8,M2.6-Q8,1,Test bank,Mishkin_TB.docx | Section 2.6 | Q8 | Year not stated
M2.6-Q9,M2.6-Q9,1,Test bank,Mishkin_TB.docx | Section 2.6 | Q9 | Year not stated
M2.6-Q10,M2.6-Q10,1,Test bank,Mishkin_TB.docx | Section 2.6 | Q10 | Year not stated
M2.6-Q11,M2.6-Q11,1,Test bank,Mishkin_TB.docx | Section 2.6 | Q11 | Year not stated
M2.6-Q12,M2.6-Q12,1,Test bank,Mishkin_TB.docx | Section 2.6 | Q12 | Year not stated
M2.6-Q13,M2.6-Q13,1,Test bank,Mishkin_TB.docx | Section 2.6 | Q13 | Year not stated
M2.6-Q14,M2.6-Q14,1,Test bank,Mishkin_TB.docx | Section 2.6 | Q14 | Year not stated
M2.6-Q15,M2.6-Q15,1,Test bank,Mishkin_TB.docx | Section 2.6 | Q15 | Year not stated
M2.6-Q16,M2.6-Q16,1,Test bank,Mishkin_TB.docx | Section 2.6 | Q16 | Year not stated
M2.6-Q17,M2.6-Q17,1,Test bank,Mishkin_TB.docx | Section 2.6 | Q17 | Year not stated
M2.6-Q18,M2.6-Q18,1,Test bank,Mishkin_TB.docx | Section 2.6 | Q18 | Year not stated
M2.6-Q19,M2.6-Q19,1,Test bank,Mishkin_TB.docx | Section 2.6 | Q19 | Year not stated
M2.6-Q20,M2.6-Q20,1,Test bank,Mishkin_TB.docx | Section 2.6 | Q20 | Year not stated
M2.6-Q21,M2.6-Q21,1,Test bank,Mishkin_TB.docx | Section 2.6 | Q21 | Year not stated
M2.6-Q22,M2.6-Q22,1,Test bank,Mishkin_TB.docx | Section 2.6 | Q22 | Year not stated
M2.6-Q23,M2.6-Q23,1,Test bank,Mishkin_TB.docx | Section 2.6 | Q23 | Year not stated
M2.7-Q1,M2.7-Q1,1,Test bank,Mishkin_TB.docx | Section 2.7 | Q1 | Year not stated
M2.7-Q2,M2.7-Q2,1,Test bank,Mishkin_TB.docx | Section 2.7 | Q2 | Year not stated
M2.7-Q3,M2.7-Q3,1,Test bank,Mishkin_TB.docx | Section 2.7 | Q3 | Year not stated
M2.7-Q4,M2.7-Q4,1,Test bank,Mishkin_TB.docx | Section 2.7 | Q4 | Year not stated
M2.7-Q5,M2.7-Q5,1,Test bank,Mishkin_TB.docx | Section 2.7 | Q5 | Year not stated
M2.7-Q6,M2.7-Q6,1,Test bank,Mishkin_TB.docx | Section 2.7 | Q6 | Year not stated
M2.7-Q7,M2.7-Q7,1,Test bank,Mishkin_TB.docx | Section 2.7 | Q7 | Year not stated
M2.7-Q8,M2.7-Q8,1,Test bank,Mishkin_TB.docx | Section 2.7 | Q8 | Year not stated
M2.7-Q9,M2.7-Q9,1,Test bank,Mishkin_TB.docx | Section 2.7 | Q9 | Year not stated
M2.7-Q10,M2.7-Q10,1,Test bank,Mishkin_TB.docx | Section 2.7 | Q10 | Year not stated
M2.7-Q11,M2.7-Q11,1,Test bank,Mishkin_TB.docx | Section 2.7 | Q11 | Year not stated
M2.7-Q12,M2.7-Q12,1,Test bank,Mishkin_TB.docx | Section 2.7 | Q12 | Year not stated
M2.7-Q13,M2.7-Q13,1,Test bank,Mishkin_TB.docx | Section 2.7 | Q13 | Year not stated
M2.7-Q4-v2,M2.7-Q4-v2-P1,1,Test bank,Mishkin_TB.docx | Section 2.7 | Q4 (second occurrence) | Year not stated
M3.1-Q1,M3.1-Q1,1,Test bank,Mishkin_TB.docx | Section 3.1 | Q1 | Year not stated
M3.1-Q2,M3.1-Q2,1,Test bank,Mishkin_TB.docx | Section 3.1 | Q2 | Year not stated
M3.1-Q3,M3.1-Q3,1,Test bank,Mishkin_TB.docx | Section 3.1 | Q3 | Year not stated
M3.1-Q4,M3.1-Q4,1,Test bank,Mishkin_TB.docx | Section 3.1 | Q4 | Year not stated
M3.1-Q5,M3.1-Q5,1,Test bank,Mishkin_TB.docx | Section 3.1 | Q5 | Year not stated
M3.1-Q6,M3.1-Q6,1,Test bank,Mishkin_TB.docx | Section 3.1 | Q6 | Year not stated
M3.1-Q7,M3.1-Q7,1,Test bank,Mishkin_TB.docx | Section 3.1 | Q7 | Year not stated
M3.1-Q8,M3.1-Q8,1,Test bank,Mishkin_TB.docx | Section 3.1 | Q8 | Year not stated
M3.1-Q9,M3.1-Q9,1,Test bank,Mishkin_TB.docx | Section 3.1 | Q9 | Year not stated
M3.1-Q10,M3.1-Q10,1,Test bank,Mishkin_TB.docx | Section 3.1 | Q10 | Year not stated
M3.1-Q11,M3.1-Q11,1,Test bank,Mishkin_TB.docx | Section 3.1 | Q11 | Year not stated
M3.1-Q12,M3.1-Q12,1,Test bank,Mishkin_TB.docx | Section 3.1 | Q12 | Year not stated
M3.1-Q13,M3.1-Q13,1,Test bank,Mishkin_TB.docx | Section 3.1 | Q13 | Year not stated
M3.2-Q1,M3.2-Q1,1,Test bank,Mishkin_TB.docx | Section 3.2 | Q1 | Year not stated
M3.2-Q2,M3.2-Q2,1,Test bank,Mishkin_TB.docx | Section 3.2 | Q2 | Year not stated
M3.2-Q3,M3.2-Q3,1,Test bank,Mishkin_TB.docx | Section 3.2 | Q3 | Year not stated
M3.2-Q4,M3.2-Q4,1,Test bank,Mishkin_TB.docx | Section 3.2 | Q4 | Year not stated
M3.2-Q5,M3.2-Q5,1,Test bank,Mishkin_TB.docx | Section 3.2 | Q5 | Year not stated
M3.2-Q6,M3.2-Q6,1,Test bank,Mishkin_TB.docx | Section 3.2 | Q6 | Year not stated
M3.2-Q7,M3.2-Q7,1,Test bank,Mishkin_TB.docx | Section 3.2 | Q7 | Year not stated
M3.2-Q8,M3.2-Q8,1,Test bank,Mishkin_TB.docx | Section 3.2 | Q8 | Year not stated
M3.2-Q9,M3.2-Q9,1,Test bank,Mishkin_TB.docx | Section 3.2 | Q9 | Year not stated
M3.2-Q10,M3.2-Q10,1,Test bank,Mishkin_TB.docx | Section 3.2 | Q10 | Year not stated
M3.2-Q11,M3.2-Q11,1,Test bank,Mishkin_TB.docx | Section 3.2 | Q11 | Year not stated
M3.2-Q12,M3.2-Q12,1,Test bank,Mishkin_TB.docx | Section 3.2 | Q12 | Year not stated
M3.2-Q13,M3.2-Q13,1,Test bank,Mishkin_TB.docx | Section 3.2 | Q13 | Year not stated
M3.2-Q14,M3.2-Q14,1,Test bank,Mishkin_TB.docx | Section 3.2 | Q14 | Year not stated
M3.2-Q15,M3.2-Q15,1,Test bank,Mishkin_TB.docx | Section 3.2 | Q15 | Year not stated
M3.2-Q16,M3.2-Q16,1,Test bank,Mishkin_TB.docx | Section 3.2 | Q16 | Year not stated
M3.2-Q17,M3.2-Q17,1,Test bank,Mishkin_TB.docx | Section 3.2 | Q17 | Year not stated
M3.2-Q18,M3.2-Q18,1,Test bank,Mishkin_TB.docx | Section 3.2 | Q18 | Year not stated
M3.2-Q19,M3.2-Q19,1,Test bank,Mishkin_TB.docx | Section 3.2 | Q19 | Year not stated
M3.2-Q20,M3.2-Q20,1,Test bank,Mishkin_TB.docx | Section 3.2 | Q20 | Year not stated
M3.2-Q21,M3.2-Q21,1,Test bank,Mishkin_TB.docx | Section 3.2 | Q21 | Year not stated
M3.2-Q22,M3.2-Q22,1,Test bank,Mishkin_TB.docx | Section 3.2 | Q22 | Year not stated
M3.2-Q23,M3.2-Q23,1,Test bank,Mishkin_TB.docx | Section 3.2 | Q23 | Year not stated
M3.2-Q24,M3.2-Q24,1,Test bank,Mishkin_TB.docx | Section 3.2 | Q24 | Year not stated
M3.2-Q25,M3.2-Q25,1,Test bank,Mishkin_TB.docx | Section 3.2 | Q25 | Year not stated
M3.2-Q26,M3.2-Q26,1,Test bank,Mishkin_TB.docx | Section 3.2 | Q26 | Year not stated
M3.2-Q27,M3.2-Q27,1,Test bank,Mishkin_TB.docx | Section 3.2 | Q27 | Year not stated
M3.2-Q28,M3.2-Q28,1,Test bank,Mishkin_TB.docx | Section 3.2 | Q28 | Year not stated
M3.2-Q29,M3.2-Q29,1,Test bank,Mishkin_TB.docx | Section 3.2 | Q29 | Year not stated
M3.2-Q30,M3.2-Q30,1,Test bank,Mishkin_TB.docx | Section 3.2 | Q30 | Year not stated
M3.2-Q31,M3.2-Q31,1,Test bank,Mishkin_TB.docx | Section 3.2 | Q31 | Year not stated
M3.2-Q32,M3.2-Q32,1,Test bank,Mishkin_TB.docx | Section 3.2 | Q32 | Year not stated
M3.2-Q33,M3.2-Q33,1,Test bank,Mishkin_TB.docx | Section 3.2 | Q33 | Year not stated
M3.2-Q34,M3.2-Q34,1,Test bank,Mishkin_TB.docx | Section 3.2 | Q34 | Year not stated
M3.2-Q35,M3.2-Q35,1,Test bank,Mishkin_TB.docx | Section 3.2 | Q35 | Year not stated
M3.2-Q36,M3.2-Q36-P1,1,Test bank,Mishkin_TB.docx | Section 3.2 | Q36 | Year not stated
M3.3-Q1,M3.3-Q1,1,Test bank,Mishkin_TB.docx | Section 3.3 | Q1 | Year not stated
M3.3-Q2,M3.3-Q2,1,Test bank,Mishkin_TB.docx | Section 3.3 | Q2 | Year not stated
M3.3-Q3,M3.3-Q3,1,Test bank,Mishkin_TB.docx | Section 3.3 | Q3 | Year not stated
M3.3-Q4,M3.3-Q4,1,Test bank,Mishkin_TB.docx | Section 3.3 | Q4 | Year not stated
M3.3-Q5,M3.3-Q5,1,Test bank,Mishkin_TB.docx | Section 3.3 | Q5 | Year not stated
M3.3-Q6,M3.3-Q6,1,Test bank,Mishkin_TB.docx | Section 3.3 | Q6 | Year not stated
M3.3-Q7,M3.3-Q7,1,Test bank,Mishkin_TB.docx | Section 3.3 | Q7 | Year not stated
M3.3-Q8,M3.3-Q8,1,Test bank,Mishkin_TB.docx | Section 3.3 | Q8 | Year not stated
M3.3-Q9,M3.3-Q9,1,Test bank,Mishkin_TB.docx | Section 3.3 | Q9 | Year not stated
M3.3-Q10,M3.3-Q10,1,Test bank,Mishkin_TB.docx | Section 3.3 | Q10 | Year not stated
M3.3-Q11,M3.3-Q11,1,Test bank,Mishkin_TB.docx | Section 3.3 | Q11 | Year not stated
M3.3-Q12,M3.3-Q12,1,Test bank,Mishkin_TB.docx | Section 3.3 | Q12 | Year not stated
M3.3-Q13,M3.3-Q13,1,Test bank,Mishkin_TB.docx | Section 3.3 | Q13 | Year not stated
M3.3-Q14,M3.3-Q14,1,Test bank,Mishkin_TB.docx | Section 3.3 | Q14 | Year not stated
M3.3-Q15,M3.3-Q15,1,Test bank,Mishkin_TB.docx | Section 3.3 | Q15 | Year not stated
M3.3-Q16,M3.3-Q16,1,Test bank,Mishkin_TB.docx | Section 3.3 | Q16 | Year not stated
M3.3-Q17,M3.3-Q17-P1,1,Test bank,Mishkin_TB.docx | Section 3.3 | Q17 | Year not stated
M3.4-Q1,M3.4-Q1,1,Test bank,Mishkin_TB.docx | Section 3.4 | Q1 | Year not stated
M3.4-Q2,M3.4-Q2,1,Test bank,Mishkin_TB.docx | Section 3.4 | Q2 | Year not stated
M3.4-Q3,M3.4-Q3,1,Test bank,Mishkin_TB.docx | Section 3.4 | Q3 | Year not stated
M3.4-Q4,M3.4-Q4,1,Test bank,Mishkin_TB.docx | Section 3.4 | Q4 | Year not stated
M3.4-Q5,M3.4-Q5,1,Test bank,Mishkin_TB.docx | Section 3.4 | Q5 | Year not stated
M3.4-Q6,M3.4-Q6,1,Test bank,Mishkin_TB.docx | Section 3.4 | Q6 | Year not stated
M3.4-Q7,M3.4-Q7,1,Test bank,Mishkin_TB.docx | Section 3.4 | Q7 | Year not stated
M3.4-Q8,M3.4-Q8,1,Test bank,Mishkin_TB.docx | Section 3.4 | Q8 | Year not stated
M3.4-Q9,M3.4-Q9,1,Test bank,Mishkin_TB.docx | Section 3.4 | Q9 | Year not stated
M3.4-Q10,M3.4-Q10,1,Test bank,Mishkin_TB.docx | Section 3.4 | Q10 | Year not stated
M3.4-Q11,M3.4-Q11,1,Test bank,Mishkin_TB.docx | Section 3.4 | Q11 | Year not stated
M3.4-Q12,M3.4-Q12,1,Test bank,Mishkin_TB.docx | Section 3.4 | Q12 | Year not stated
M3.4-Q13,M3.4-Q13,1,Test bank,Mishkin_TB.docx | Section 3.4 | Q13 | Year not stated
M3.4-Q14,M3.4-Q14,1,Test bank,Mishkin_TB.docx | Section 3.4 | Q14 | Year not stated
M3.4-Q15,M3.4-Q15,1,Test bank,Mishkin_TB.docx | Section 3.4 | Q15 | Year not stated
M3.4-Q16,M3.4-Q16,1,Test bank,Mishkin_TB.docx | Section 3.4 | Q16 | Year not stated
M3.4-Q17,M3.4-Q17,1,Test bank,Mishkin_TB.docx | Section 3.4 | Q17 | Year not stated
M3.4-Q18,M3.4-Q18,1,Test bank,Mishkin_TB.docx | Section 3.4 | Q18 | Year not stated
M3.4-Q19,M3.4-Q19,1,Test bank,Mishkin_TB.docx | Section 3.4 | Q19 | Year not stated
M3.4-Q20,M3.4-Q20,1,Test bank,Mishkin_TB.docx | Section 3.4 | Q20 | Year not stated
M3.4-Q21,M3.4-Q21,1,Test bank,Mishkin_TB.docx | Section 3.4 | Q21 | Year not stated
M3.4-Q22,M3.4-Q22,1,Test bank,Mishkin_TB.docx | Section 3.4 | Q22 | Year not stated
M3.4-Q23,M3.4-Q23-P1,1,Test bank,Mishkin_TB.docx | Section 3.4 | Q23 | Year not stated
M3.5-Q1,M3.5-Q1,1,Test bank,Mishkin_TB.docx | Section 3.5 | Q1 | Year not stated
M3.5-Q2,M3.5-Q2,1,Test bank,Mishkin_TB.docx | Section 3.5 | Q2 | Year not stated
M3.5-Q3,M3.5-Q3,1,Test bank,Mishkin_TB.docx | Section 3.5 | Q3 | Year not stated
M3.5-Q4,M3.5-Q4,1,Test bank,Mishkin_TB.docx | Section 3.5 | Q4 | Year not stated
M3.5-Q5,M3.5-Q5,1,Test bank,Mishkin_TB.docx | Section 3.5 | Q5 | Year not stated
M3.5-Q6,M3.5-Q6,1,Test bank,Mishkin_TB.docx | Section 3.5 | Q6 | Year not stated
M4.1-Q1,M4.1-Q1,2,Test bank,Mishkin_TB.docx | Section 4.1 | Q1 | Year not stated
M4.1-Q2,M4.1-Q2,2,Test bank,Mishkin_TB.docx | Section 4.1 | Q2 | Year not stated
M4.1-Q3,M4.1-Q3,2,Test bank,Mishkin_TB.docx | Section 4.1 | Q3 | Year not stated
M4.1-Q4,M4.1-Q4,2,Test bank,Mishkin_TB.docx | Section 4.1 | Q4 | Year not stated
M4.1-Q5,M4.1-Q5,2,Test bank,Mishkin_TB.docx | Section 4.1 | Q5 | Year not stated
M4.1-Q6,M4.1-Q6,2,Test bank,Mishkin_TB.docx | Section 4.1 | Q6 | Year not stated
M4.1-Q7,M4.1-Q7,3,Test bank,Mishkin_TB.docx | Section 4.1 | Q7 | Year not stated
M4.1-Q8,M4.1-Q8,3,Test bank,Mishkin_TB.docx | Section 4.1 | Q8 | Year not stated
M4.1-Q9,M4.1-Q9,3,Test bank,Mishkin_TB.docx | Section 4.1 | Q9 | Year not stated
M4.1-Q10,M4.1-Q10,3,Test bank,Mishkin_TB.docx | Section 4.1 | Q10 | Year not stated
M4.1-Q11,M4.1-Q11,4,Test bank,Mishkin_TB.docx | Section 4.1 | Q11 | Year not stated
M4.1-Q12,M4.1-Q12,4,Test bank,Mishkin_TB.docx | Section 4.1 | Q12 | Year not stated
M4.1-Q13,M4.1-Q13,4,Test bank,Mishkin_TB.docx | Section 4.1 | Q13 | Year not stated
M4.1-Q14,M4.1-Q14,4,Test bank,Mishkin_TB.docx | Section 4.1 | Q14 | Year not stated
M4.1-Q15,M4.1-Q15,4,Test bank,Mishkin_TB.docx | Section 4.1 | Q15 | Year not stated
M4.1-Q16,M4.1-Q16,4,Test bank,Mishkin_TB.docx | Section 4.1 | Q16 | Year not stated
M4.1-Q17,M4.1-Q17,4,Test bank,Mishkin_TB.docx | Section 4.1 | Q17 | Year not stated
M4.1-Q18,M4.1-Q18,4,Test bank,Mishkin_TB.docx | Section 4.1 | Q18 | Year not stated
M4.1-Q19,M4.1-Q19,4,Test bank,Mishkin_TB.docx | Section 4.1 | Q19 | Year not stated
M4.1-Q20,M4.1-Q20,4,Test bank,Mishkin_TB.docx | Section 4.1 | Q20 | Year not stated
M4.1-Q21,M4.1-Q21,4,Test bank,Mishkin_TB.docx | Section 4.1 | Q21 | Year not stated
M4.1-Q22,M4.1-Q22,4,Test bank,Mishkin_TB.docx | Section 4.1 | Q22 | Year not stated
M4.1-Q23,M4.1-Q23,4,Test bank,Mishkin_TB.docx | Section 4.1 | Q23 | Year not stated
M4.1-Q24,M4.1-Q24,2,Test bank,Mishkin_TB.docx | Section 4.1 | Q24 | Year not stated
M4.1-Q25,M4.1-Q25,2,Test bank,Mishkin_TB.docx | Section 4.1 | Q25 | Year not stated
M4.1-Q26,M4.1-Q26,2,Test bank,Mishkin_TB.docx | Section 4.1 | Q26 | Year not stated
M4.1-Q27,M4.1-Q27,2,Test bank,Mishkin_TB.docx | Section 4.1 | Q27 | Year not stated
M4.1-Q28,M4.1-Q28,2,Test bank,Mishkin_TB.docx | Section 4.1 | Q28 | Year not stated
M4.1-Q29,M4.1-Q29,2,Test bank,Mishkin_TB.docx | Section 4.1 | Q29 | Year not stated
M4.1-Q30,M4.1-Q30,2,Test bank,Mishkin_TB.docx | Section 4.1 | Q30 | Year not stated
M4.1-Q31,M4.1-Q31,3,Test bank,Mishkin_TB.docx | Section 4.1 | Q31 | Year not stated
M4.1-Q32,M4.1-Q32,4,Test bank,Mishkin_TB.docx | Section 4.1 | Q32 | Year not stated
M4.1-Q33,M4.1-Q33,4,Test bank,Mishkin_TB.docx | Section 4.1 | Q33 | Year not stated
M4.1-Q34,M4.1-Q34,4,Test bank,Mishkin_TB.docx | Section 4.1 | Q34 | Year not stated
M4.1-Q35,M4.1-Q35,4,Test bank,Mishkin_TB.docx | Section 4.1 | Q35 | Year not stated
M4.1-Q36,M4.1-Q36,4,Test bank,Mishkin_TB.docx | Section 4.1 | Q36 | Year not stated
M4.1-Q37,M4.1-Q37,4,Test bank,Mishkin_TB.docx | Section 4.1 | Q37 | Year not stated
M4.1-Q8-v2,M4.1-Q8-v2,4,Test bank,Mishkin_TB.docx | Section 4.1 | Q8 (second occurrence) | Year not stated
M4.1-Q39,M4.1-Q39,4,Test bank,Mishkin_TB.docx | Section 4.1 | Q39 | Year not stated
M4.1-Q40,M4.1-Q40,4,Test bank,Mishkin_TB.docx | Section 4.1 | Q40 | Year not stated
M4.1-Q41,M4.1-Q41,4,Test bank,Mishkin_TB.docx | Section 4.1 | Q41 | Year not stated
M4.1-Q42,M4.1-Q42,4,Test bank,Mishkin_TB.docx | Section 4.1 | Q42 | Year not stated
M4.1-Q43,M4.1-Q43,4,Test bank,Mishkin_TB.docx | Section 4.1 | Q43 | Year not stated
M4.1-Q44,M4.1-Q44,4,Test bank,Mishkin_TB.docx | Section 4.1 | Q44 | Year not stated
M4.1-Q45,M4.1-Q45,4,Test bank,Mishkin_TB.docx | Section 4.1 | Q45 | Year not stated
M4.1-Q46,M4.1-Q46,4,Test bank,Mishkin_TB.docx | Section 4.1 | Q46 | Year not stated
M4.1-Q47,M4.1-Q47,4,Test bank,Mishkin_TB.docx | Section 4.1 | Q47 | Year not stated
M4.1-Q48,M4.1-Q48,4,Test bank,Mishkin_TB.docx | Section 4.1 | Q48 | Year not stated
M4.1-Q49,M4.1-Q49,4,Test bank,Mishkin_TB.docx | Section 4.1 | Q49 | Year not stated
M4.1-Q50,M4.1-Q50,4,Test bank,Mishkin_TB.docx | Section 4.1 | Q50 | Year not stated
M4.1-Q51,M4.1-Q51,4,Test bank,Mishkin_TB.docx | Section 4.1 | Q51 | Year not stated
M4.1-Q52,M4.1-Q52,4,Test bank,Mishkin_TB.docx | Section 4.1 | Q52 | Year not stated
M4.1-Q53,M4.1-Q53-P1,2,Test bank,Mishkin_TB.docx | Section 4.1 | Q53 | Year not stated
M4.1-Q53,M4.1-Q53-I,2,Test bank,Mishkin_TB.docx | Section 4.1 | Q53 | Year not stated
M4.2-Q1,M4.2-Q1,4,Test bank,Mishkin_TB.docx | Section 4.2 | Q1 | Year not stated
M4.2-Q2,M4.2-Q2,4,Test bank,Mishkin_TB.docx | Section 4.2 | Q2 | Year not stated
M4.2-Q3,M4.2-Q3,4,Test bank,Mishkin_TB.docx | Section 4.2 | Q3 | Year not stated
M4.2-Q4,M4.2-Q4,4,Test bank,Mishkin_TB.docx | Section 4.2 | Q4 | Year not stated
M4.2-Q5,M4.2-Q5,4,Test bank,Mishkin_TB.docx | Section 4.2 | Q5 | Year not stated
M4.2-Q6,M4.2-Q6,4,Test bank,Mishkin_TB.docx | Section 4.2 | Q6 | Year not stated
M4.2-Q7,M4.2-Q7,4,Test bank,Mishkin_TB.docx | Section 4.2 | Q7 | Year not stated
M4.2-Q8,M4.2-Q8,4,Test bank,Mishkin_TB.docx | Section 4.2 | Q8 | Year not stated
M4.2-Q9,M4.2-Q9,4,Test bank,Mishkin_TB.docx | Section 4.2 | Q9 | Year not stated
M4.2-Q10,M4.2-Q10,4,Test bank,Mishkin_TB.docx | Section 4.2 | Q10 | Year not stated
M4.2-Q11,M4.2-Q11,4,Test bank,Mishkin_TB.docx | Section 4.2 | Q11 | Year not stated
M4.2-Q12,M4.2-Q12,4,Test bank,Mishkin_TB.docx | Section 4.2 | Q12 | Year not stated
M4.2-Q13,M4.2-Q13,4,Test bank,Mishkin_TB.docx | Section 4.2 | Q13 | Year not stated
M4.2-Q14,M4.2-Q14,4,Test bank,Mishkin_TB.docx | Section 4.2 | Q14 | Year not stated
M4.2-Q15,M4.2-Q15,4,Test bank,Mishkin_TB.docx | Section 4.2 | Q15 | Year not stated
M4.2-Q16,M4.2-Q16,4,Test bank,Mishkin_TB.docx | Section 4.2 | Q16 | Year not stated
M4.2-Q17,M4.2-Q17-P1,4,Test bank,Mishkin_TB.docx | Section 4.2 | Q17 | Year not stated
M4.3-Q1,M4.3-Q1,2,Test bank,Mishkin_TB.docx | Section 4.3 | Q1 | Year not stated
M4.3-Q2,M4.3-Q2,2,Test bank,Mishkin_TB.docx | Section 4.3 | Q2 | Year not stated
M4.3-Q3,M4.3-Q3,2,Test bank,Mishkin_TB.docx | Section 4.3 | Q3 | Year not stated
M4.3-Q4,M4.3-Q4,2,Test bank,Mishkin_TB.docx | Section 4.3 | Q4 | Year not stated
M4.3-Q5,M4.3-Q5,2,Test bank,Mishkin_TB.docx | Section 4.3 | Q5 | Year not stated
M4.3-Q6,M4.3-Q6,2,Test bank,Mishkin_TB.docx | Section 4.3 | Q6 | Year not stated
M4.3-Q7,M4.3-Q7,2,Test bank,Mishkin_TB.docx | Section 4.3 | Q7 | Year not stated
M4.3-Q8,M4.3-Q8,2,Test bank,Mishkin_TB.docx | Section 4.3 | Q8 | Year not stated
M4.3-Q9,M4.3-Q9,2,Test bank,Mishkin_TB.docx | Section 4.3 | Q9 | Year not stated
M4.3-Q10,M4.3-Q10,2,Test bank,Mishkin_TB.docx | Section 4.3 | Q10 | Year not stated
M4.3-Q11,M4.3-Q11,2,Test bank,Mishkin_TB.docx | Section 4.3 | Q11 | Year not stated
M4.3-Q12,M4.3-Q12,2,Test bank,Mishkin_TB.docx | Section 4.3 | Q12 | Year not stated
M4.3-Q13,M4.3-Q13,2,Test bank,Mishkin_TB.docx | Section 4.3 | Q13 | Year not stated
M4.3-Q14,M4.3-Q14,2,Test bank,Mishkin_TB.docx | Section 4.3 | Q14 | Year not stated
M4.3-Q15,M4.3-Q15,2,Test bank,Mishkin_TB.docx | Section 4.3 | Q15 | Year not stated
M4.3-Q16,M4.3-Q16-P1,2,Test bank,Mishkin_TB.docx | Section 4.3 | Q16 | Year not stated
M4.4-Q1,M4.4-Q1,4,Test bank,Mishkin_TB.docx | Section 4.4 | Q1 | Year not stated
M4.4-Q2,M4.4-Q2,4,Test bank,Mishkin_TB.docx | Section 4.4 | Q2 | Year not stated
M4.4-Q3,M4.4-Q3,4,Test bank,Mishkin_TB.docx | Section 4.4 | Q3 | Year not stated
M4.4-Q4,M4.4-Q4,4,Test bank,Mishkin_TB.docx | Section 4.4 | Q4 | Year not stated
M4.4-Q5,M4.4-Q5,4,Test bank,Mishkin_TB.docx | Section 4.4 | Q5 | Year not stated
M4.4-Q6,M4.4-Q6,4,Test bank,Mishkin_TB.docx | Section 4.4 | Q6 | Year not stated
M8.1-Q1,M8.1-Q1,1,Test bank,Mishkin_TB.docx | Section 8.1 | Q1 | Year not stated
M8.1-Q2,M8.1-Q2,1,Test bank,Mishkin_TB.docx | Section 8.1 | Q2 | Year not stated
M8.1-Q3,M8.1-Q3,1,Test bank,Mishkin_TB.docx | Section 8.1 | Q3 | Year not stated
M8.1-Q4,M8.1-Q4,1,Test bank,Mishkin_TB.docx | Section 8.1 | Q4 | Year not stated
M8.1-Q5,M8.1-Q5,1,Test bank,Mishkin_TB.docx | Section 8.1 | Q5 | Year not stated
M8.1-Q6,M8.1-Q6,1,Test bank,Mishkin_TB.docx | Section 8.1 | Q6 | Year not stated
M8.1-Q7,M8.1-Q7,1,Test bank,Mishkin_TB.docx | Section 8.1 | Q7 | Year not stated
M8.1-Q8,M8.1-Q8,1,Test bank,Mishkin_TB.docx | Section 8.1 | Q8 | Year not stated
M8.1-Q9,M8.1-Q9,1,Test bank,Mishkin_TB.docx | Section 8.1 | Q9 | Year not stated
M8.1-Q10,M8.1-Q10,1,Test bank,Mishkin_TB.docx | Section 8.1 | Q10 | Year not stated
M8.1-Q11,M8.1-Q11,1,Test bank,Mishkin_TB.docx | Section 8.1 | Q11 | Year not stated
M8.1-Q12,M8.1-Q12,1,Test bank,Mishkin_TB.docx | Section 8.1 | Q12 | Year not stated
M8.1-Q13,M8.1-Q13,1,Test bank,Mishkin_TB.docx | Section 8.1 | Q13 | Year not stated
M8.1-Q14,M8.1-Q14,1,Test bank,Mishkin_TB.docx | Section 8.1 | Q14 | Year not stated
M8.1-Q15,M8.1-Q15,1,Test bank,Mishkin_TB.docx | Section 8.1 | Q15 | Year not stated
M8.1-Q16,M8.1-Q16,1,Test bank,Mishkin_TB.docx | Section 8.1 | Q16 | Year not stated
M8.1-Q17,M8.1-Q17,1,Test bank,Mishkin_TB.docx | Section 8.1 | Q17 | Year not stated
M8.1-Q18,M8.1-Q18,1,Test bank,Mishkin_TB.docx | Section 8.1 | Q18 | Year not stated
M8.1-Q19,M8.1-Q19,1,Test bank,Mishkin_TB.docx | Section 8.1 | Q19 | Year not stated
M8.1-Q20,M8.1-Q20,1,Test bank,Mishkin_TB.docx | Section 8.1 | Q20 | Year not stated
M8.1-Q21,M8.1-Q21,1,Test bank,Mishkin_TB.docx | Section 8.1 | Q21 | Year not stated
M8.1-Q22,M8.1-Q22,1,Test bank,Mishkin_TB.docx | Section 8.1 | Q22 | Year not stated
M8.1-Q23,M8.1-Q23,1,Test bank,Mishkin_TB.docx | Section 8.1 | Q23 | Year not stated
M8.2-Q1,M8.2-Q1,1,Test bank,Mishkin_TB.docx | Section 8.2 | Q1 | Year not stated
M8.2-Q2,M8.2-Q2,1,Test bank,Mishkin_TB.docx | Section 8.2 | Q2 | Year not stated
M8.2-Q3,M8.2-Q3,1,Test bank,Mishkin_TB.docx | Section 8.2 | Q3 | Year not stated
M8.2-Q4,M8.2-Q4,1,Test bank,Mishkin_TB.docx | Section 8.2 | Q4 | Year not stated
M8.2-Q5,M8.2-Q5,1,Test bank,Mishkin_TB.docx | Section 8.2 | Q5 | Year not stated
M8.2-Q6,M8.2-Q6-P1,1,Test bank,Mishkin_TB.docx | Section 8.2 | Q6 | Year not stated
M8.3-Q1,M8.3-Q1,1,Test bank,Mishkin_TB.docx | Section 8.3 | Q1 | Year not stated
M8.3-Q2,M8.3-Q2,1,Test bank,Mishkin_TB.docx | Section 8.3 | Q2 | Year not stated
M8.3-Q4,M8.3-Q4,1,Test bank,Mishkin_TB.docx | Section 8.3 | Q4 | Year not stated
M8.3-Q5,M8.3-Q5,1,Test bank,Mishkin_TB.docx | Section 8.3 | Q5 | Year not stated
M8.3-Q6,M8.3-Q6,1,Test bank,Mishkin_TB.docx | Section 8.3 | Q6 | Year not stated
M8.4-Q1,M8.4-Q1,1,Test bank,Mishkin_TB.docx | Section 8.4 | Q1 | Year not stated
M8.4-Q2,M8.4-Q2,1,Test bank,Mishkin_TB.docx | Section 8.4 | Q2 | Year not stated
M8.4-Q3,M8.4-Q3,1,Test bank,Mishkin_TB.docx | Section 8.4 | Q3 | Year not stated
M8.4-Q4,M8.4-Q4,1,Test bank,Mishkin_TB.docx | Section 8.4 | Q4 | Year not stated
M8.4-Q5,M8.4-Q5,1,Test bank,Mishkin_TB.docx | Section 8.4 | Q5 | Year not stated
M8.4-Q6,M8.4-Q6,1,Test bank,Mishkin_TB.docx | Section 8.4 | Q6 | Year not stated
M8.4-Q7,M8.4-Q7,1,Test bank,Mishkin_TB.docx | Section 8.4 | Q7 | Year not stated
M8.4-Q8,M8.4-Q8,1,Test bank,Mishkin_TB.docx | Section 8.4 | Q8 | Year not stated
M8.4-Q9,M8.4-Q9,1,Test bank,Mishkin_TB.docx | Section 8.4 | Q9 | Year not stated
M8.4-Q10,M8.4-Q10,1,Test bank,Mishkin_TB.docx | Section 8.4 | Q10 | Year not stated
M8.4-Q11,M8.4-Q11,1,Test bank,Mishkin_TB.docx | Section 8.4 | Q11 | Year not stated
M8.4-Q12,M8.4-Q12,1,Test bank,Mishkin_TB.docx | Section 8.4 | Q12 | Year not stated
M8.4-Q13,M8.4-Q13,1,Test bank,Mishkin_TB.docx | Section 8.4 | Q13 | Year not stated
M8.4-Q14,M8.4-Q14,1,Test bank,Mishkin_TB.docx | Section 8.4 | Q14 | Year not stated
M8.4-Q15,M8.4-Q15,1,Test bank,Mishkin_TB.docx | Section 8.4 | Q15 | Year not stated
M8.4-Q16,M8.4-Q16,1,Test bank,Mishkin_TB.docx | Section 8.4 | Q16 | Year not stated
M8.4-Q17,M8.4-Q17,1,Test bank,Mishkin_TB.docx | Section 8.4 | Q17 | Year not stated
M8.4-Q18,M8.4-Q18-P1,1,Test bank,Mishkin_TB.docx | Section 8.4 | Q18 | Year not stated
M8.5-Q1,M8.5-Q1,1,Test bank,Mishkin_TB.docx | Section 8.5 | Q1 | Year not stated
M8.5-Q2,M8.5-Q2,1,Test bank,Mishkin_TB.docx | Section 8.5 | Q2 | Year not stated
M8.5-Q3,M8.5-Q3,1,Test bank,Mishkin_TB.docx | Section 8.5 | Q3 | Year not stated
M8.5-Q4,M8.5-Q4,1,Test bank,Mishkin_TB.docx | Section 8.5 | Q4 | Year not stated
M8.5-Q5,M8.5-Q5,1,Test bank,Mishkin_TB.docx | Section 8.5 | Q5 | Year not stated
M8.5-Q6,M8.5-Q6,1,Test bank,Mishkin_TB.docx | Section 8.5 | Q6 | Year not stated
M8.5-Q7,M8.5-Q7,1,Test bank,Mishkin_TB.docx | Section 8.5 | Q7 | Year not stated
M8.5-Q8,M8.5-Q8,1,Test bank,Mishkin_TB.docx | Section 8.5 | Q8 | Year not stated
M8.5-Q9,M8.5-Q9,1,Test bank,Mishkin_TB.docx | Section 8.5 | Q9 | Year not stated
M8.5-Q10,M8.5-Q10,1,Test bank,Mishkin_TB.docx | Section 8.5 | Q10 | Year not stated
M8.5-Q11,M8.5-Q11,1,Test bank,Mishkin_TB.docx | Section 8.5 | Q11 | Year not stated
M8.5-Q12,M8.5-Q12,1,Test bank,Mishkin_TB.docx | Section 8.5 | Q12 | Year not stated
M8.5-Q13,M8.5-Q13,1,Test bank,Mishkin_TB.docx | Section 8.5 | Q13 | Year not stated
M8.5-Q14,M8.5-Q14,1,Test bank,Mishkin_TB.docx | Section 8.5 | Q14 | Year not stated
M8.5-Q15,M8.5-Q15-P1,1,Test bank,Mishkin_TB.docx | Section 8.5 | Q15 | Year not stated
M8.6-Q1,M8.6-Q1,1,Test bank,Mishkin_TB.docx | Section 8.6 | Q1 | Year not stated
M8.6-Q2,M8.6-Q2,1,Test bank,Mishkin_TB.docx | Section 8.6 | Q2 | Year not stated
M8.6-Q3,M8.6-Q3,1,Test bank,Mishkin_TB.docx | Section 8.6 | Q3 | Year not stated
M8.6-Q4,M8.6-Q4,1,Test bank,Mishkin_TB.docx | Section 8.6 | Q4 | Year not stated
M8.6-Q5,M8.6-Q5,1,Test bank,Mishkin_TB.docx | Section 8.6 | Q5 | Year not stated
M8.6-Q6,M8.6-Q6,1,Test bank,Mishkin_TB.docx | Section 8.6 | Q6 | Year not stated
M8.6-Q7,M8.6-Q7,1,Test bank,Mishkin_TB.docx | Section 8.6 | Q7 | Year not stated
M8.6-Q8,M8.6-Q8,1,Test bank,Mishkin_TB.docx | Section 8.6 | Q8 | Year not stated
M8.6-Q9,M8.6-Q9,1,Test bank,Mishkin_TB.docx | Section 8.6 | Q9 | Year not stated
M8.6-Q10,M8.6-Q10,1,Test bank,Mishkin_TB.docx | Section 8.6 | Q10 | Year not stated
M8.6-Q11,M8.6-Q11,1,Test bank,Mishkin_TB.docx | Section 8.6 | Q11 | Year not stated
M8.6-Q12,M8.6-Q12,1,Test bank,Mishkin_TB.docx | Section 8.6 | Q12 | Year not stated
M8.6-Q13,M8.6-Q13-P1,1,Test bank,Mishkin_TB.docx | Section 8.6 | Q13 | Year not stated
M8.7-Q1,M8.7-Q1,1,Test bank,Mishkin_TB.docx | Section 8.7 | Q1 | Year not stated
M8.7-Q2,M8.7-Q2,1,Test bank,Mishkin_TB.docx | Section 8.7 | Q2 | Year not stated
M8.7-Q3,M8.7-Q3,1,Test bank,Mishkin_TB.docx | Section 8.7 | Q3 | Year not stated
M8.7-Q4,M8.7-Q4,1,Test bank,Mishkin_TB.docx | Section 8.7 | Q4 | Year not stated
M8.7-Q5,M8.7-Q5,1,Test bank,Mishkin_TB.docx | Section 8.7 | Q5 | Year not stated
M8.7-Q6,M8.7-Q6,1,Test bank,Mishkin_TB.docx | Section 8.7 | Q6 | Year not stated
M8.7-Q7,M8.7-Q7,1,Test bank,Mishkin_TB.docx | Section 8.7 | Q7 | Year not stated
M8.7-Q8,M8.7-Q8,1,Test bank,Mishkin_TB.docx | Section 8.7 | Q8 | Year not stated
M8.7-Q9,M8.7-Q9,1,Test bank,Mishkin_TB.docx | Section 8.7 | Q9 | Year not stated
M8.7-Q10,M8.7-Q10,1,Test bank,Mishkin_TB.docx | Section 8.7 | Q10 | Year not stated
M8.7-Q11,M8.7-Q11,1,Test bank,Mishkin_TB.docx | Section 8.7 | Q11 | Year not stated
M8.7-Q12,M8.7-Q12,1,Test bank,Mishkin_TB.docx | Section 8.7 | Q12 | Year not stated
M8.7-Q13,M8.7-Q13-P1,1,Test bank,Mishkin_TB.docx | Section 8.7 | Q13 | Year not stated
K61-9,K61-9,1,Past paper,K61.2 / exam year not printed | K61.2 final sol.pdf; K61.2 final sol (1).pdf; năm-ngoái-trúng-18_20-Copy-of-final-lttc-Google-Docs.pdf; b8a68131-ba7a-483d-ad77-4694d59eb1e3.pdf | Q9 | p.1-3
K61-10,K61-10,1,Past paper,K61.2 / exam year not printed | K61.2 final sol.pdf; K61.2 final sol (1).pdf; năm-ngoái-trúng-18_20-Copy-of-final-lttc-Google-Docs.pdf; b8a68131-ba7a-483d-ad77-4694d59eb1e3.pdf | Q10 | p.1-3
K61-11,K61-11,1,Past paper,K61.2 / exam year not printed | K61.2 final sol.pdf; K61.2 final sol (1).pdf; năm-ngoái-trúng-18_20-Copy-of-final-lttc-Google-Docs.pdf; b8a68131-ba7a-483d-ad77-4694d59eb1e3.pdf | Q11 | p.1-3
K61-12,K61-12,1,Past paper,K61.2 / exam year not printed | K61.2 final sol.pdf; K61.2 final sol (1).pdf; năm-ngoái-trúng-18_20-Copy-of-final-lttc-Google-Docs.pdf; b8a68131-ba7a-483d-ad77-4694d59eb1e3.pdf | Q12 | p.1-3
K61-13,K61-13,1,Past paper,K61.2 / exam year not printed | K61.2 final sol.pdf; K61.2 final sol (1).pdf; năm-ngoái-trúng-18_20-Copy-of-final-lttc-Google-Docs.pdf; b8a68131-ba7a-483d-ad77-4694d59eb1e3.pdf | Q13 | p.1-3
K61-14,K61-14,1,Past paper,K61.2 / exam year not printed | K61.2 final sol.pdf; K61.2 final sol (1).pdf; năm-ngoái-trúng-18_20-Copy-of-final-lttc-Google-Docs.pdf; b8a68131-ba7a-483d-ad77-4694d59eb1e3.pdf | Q14 | p.1-3
K61-18,K61-18,1,Past paper,K61.2 / exam year not printed | K61.2 final sol.pdf; K61.2 final sol (1).pdf; năm-ngoái-trúng-18_20-Copy-of-final-lttc-Google-Docs.pdf; b8a68131-ba7a-483d-ad77-4694d59eb1e3.pdf | Q18 | p.1-3
K61-19,K61-19,1,Past paper,K61.2 / exam year not printed | K61.2 final sol.pdf; K61.2 final sol (1).pdf; năm-ngoái-trúng-18_20-Copy-of-final-lttc-Google-Docs.pdf; b8a68131-ba7a-483d-ad77-4694d59eb1e3.pdf | Q19 | p.1-3
K61-20,K61-20,1,Past paper,K61.2 / exam year not printed | K61.2 final sol.pdf; K61.2 final sol (1).pdf; năm-ngoái-trúng-18_20-Copy-of-final-lttc-Google-Docs.pdf; b8a68131-ba7a-483d-ad77-4694d59eb1e3.pdf | Q20 | p.1-3
K61-29,K61-29-P1,1,Past paper,K61.2 / exam year not printed | K61.2 final sol.pdf; K61.2 final sol (1).pdf; năm-ngoái-trúng-18_20-Copy-of-final-lttc-Google-Docs.pdf; b8a68131-ba7a-483d-ad77-4694d59eb1e3.pdf | Q29 | p.1-3
K58-2,K58-2,1,Past paper,K58 / exam year not printed | K58.pdf | Q2 | p.1-4
K58-3,K58-3,1,Past paper,K58 / exam year not printed | K58.pdf | Q3 | p.1-4
K58-4,K58-4,1,Past paper,K58 / exam year not printed | K58.pdf | Q4 | p.1-4
K58-5,K58-5,1,Past paper,K58 / exam year not printed | K58.pdf | Q5 | p.1-4
K58-7,K58-7,1,Past paper,K58 / exam year not printed | K58.pdf | Q7 | p.1-4
K58-8,K58-8,1,Past paper,K58 / exam year not printed | K58.pdf | Q8 | p.1-4
K58-9,K58-9,1,Past paper,K58 / exam year not printed | K58.pdf | Q9 | p.1-4
K58-10,K58-10,1,Past paper,K58 / exam year not printed | K58.pdf | Q10 | p.1-4
K58-23,K58-23,1,Past paper,K58 / exam year not printed | K58.pdf | Q23 | p.1-4
K58-24,K58-24,1,Past paper,K58 / exam year not printed | K58.pdf | Q24 | p.1-4
K58-25,K58-25,1,Past paper,K58 / exam year not printed | K58.pdf | Q25 | p.1-4
K58-26,K58-26,1,Past paper,K58 / exam year not printed | K58.pdf | Q26 | p.1-4
K58-27,K58-27,1,Past paper,K58 / exam year not printed | K58.pdf | Q27 | p.1-4
K59-1,K59-1,1,Past paper,K59 / exam year not printed | K59.pdf | Q1 | p.1-7
K59-2,K59-2,1,Past paper,K59 / exam year not printed | K59.pdf | Q2 | p.1-7
K59-6,K59-6,1,Past paper,K59 / exam year not printed | K59.pdf | Q6 | p.1-7
K59-10,K59-10,1,Past paper,K59 / exam year not printed | K59.pdf | Q10 | p.1-7
K59-13,K59-13,1,Past paper,K59 / exam year not printed | K59.pdf | Q13 | p.1-7
K59-17,K59-17,1,Past paper,K59 / exam year not printed | K59.pdf | Q17 | p.1-7
K59-18,K59-18,1,Past paper,K59 / exam year not printed | K59.pdf | Q18 | p.1-7
K59-19,K59-19,1,Past paper,K59 / exam year not printed | K59.pdf | Q19 | p.1-7
K59-20,K59-20,1,Past paper,K59 / exam year not printed | K59.pdf | Q20 | p.1-7
K59-24,K59-24,1,Past paper,K59 / exam year not printed | K59.pdf | Q24 | p.1-7
TAN-8,TAN-8,1,Past paper,2021-2022; 16 October 2021 | xem-kĩ-Copy-of-de-ck-finance-aaaaaaaaaaaaaaaa.pdf | Q8 | p.2-6
TAN-12,TAN-12,1,Past paper,2021-2022; 16 October 2021 | xem-kĩ-Copy-of-de-ck-finance-aaaaaaaaaaaaaaaa.pdf | Q12 | p.2-6
TAN-14,TAN-14,1,Past paper,2021-2022; 16 October 2021 | xem-kĩ-Copy-of-de-ck-finance-aaaaaaaaaaaaaaaa.pdf | Q14 | p.2-6
TAN-15,TAN-15,1,Past paper,2021-2022; 16 October 2021 | xem-kĩ-Copy-of-de-ck-finance-aaaaaaaaaaaaaaaa.pdf | Q15 | p.2-6
TAN-18,TAN-18,1,Past paper,2021-2022; 16 October 2021 | xem-kĩ-Copy-of-de-ck-finance-aaaaaaaaaaaaaaaa.pdf | Q18 | p.2-6
TAN-23,TAN-23-P1,1,Past paper,2021-2022; 16 October 2021 | xem-kĩ-Copy-of-de-ck-finance-aaaaaaaaaaaaaaaa.pdf | Q23 | p.2-6
TAN-24,TAN-24-P1,1,Past paper,2021-2022; 16 October 2021 | xem-kĩ-Copy-of-de-ck-finance-aaaaaaaaaaaaaaaa.pdf | Q24 | p.2-6
TAN-25,TAN-25-P1,1,Past paper,2021-2022; 16 October 2021 | xem-kĩ-Copy-of-de-ck-finance-aaaaaaaaaaaaaaaa.pdf | Q25 | p.2-6
TAN-26,TAN-26-P1,1,Past paper,2021-2022; 16 October 2021 | xem-kĩ-Copy-of-de-ck-finance-aaaaaaaaaaaaaaaa.pdf | Q26 | p.2-6
TAN-27,TAN-27-P1,1,Past paper,2021-2022; 16 October 2021 | xem-kĩ-Copy-of-de-ck-finance-aaaaaaaaaaaaaaaa.pdf | Q27 | p.2-6
TAN-31,TAN-31-P1,1,Past paper,2021-2022; 16 October 2021 | xem-kĩ-Copy-of-de-ck-finance-aaaaaaaaaaaaaaaa.pdf | Q31 | p.2-6
M16-Essay-a,M16-Essay-a-P1,1,Past paper,2015-2016 | 2016_-_Mock_Exam.pdf | QEssay-a | p.2 Source note: Incomplete original prompt; preserved rather than invented.
M16-Essay-b,M16-Essay-b-P1,1,Past paper,2015-2016 | 2016_-_Mock_Exam.pdf | QEssay-b | p.2
M16-Essay-c,M16-Essay-c-P1,1,Past paper,2015-2016 | 2016_-_Mock_Exam.pdf | QEssay-c | p.2
FIVE-F2-1,FIVE-F2-1,1,Past paper,"Year not stated; compilation | 5 bộ đề năm trước LTTC.pdf | Set F2, Q1 | p.2-5"
FIVE-F2-6,FIVE-F2-6,1,Past paper,"Year not stated; compilation | 5 bộ đề năm trước LTTC.pdf | Set F2, Q6 | p.2-5"
FIVE-F2-7,FIVE-F2-7,1,Past paper,"Year not stated; compilation | 5 bộ đề năm trước LTTC.pdf | Set F2, Q7 | p.2-5"
FIVE-F2-9,FIVE-F2-9,1,Past paper,"Year not stated; compilation | 5 bộ đề năm trước LTTC.pdf | Set F2, Q9 | p.2-5"
FIVE-F2-20,FIVE-F2-20,1,Past paper,"Year not stated; compilation | 5 bộ đề năm trước LTTC.pdf | Set F2, Q20 | p.2-5"
FIVE-F2-25,FIVE-F2-25-P1,1,Past paper,"Year not stated; compilation | 5 bộ đề năm trước LTTC.pdf | Set F2, Q25 | p.2-5"
FIVE-F2-26,FIVE-F2-26-P1,1,Past paper,"Year not stated; compilation | 5 bộ đề năm trước LTTC.pdf | Set F2, Q26 | p.2-5; Year not stated; compilation | 5 bộ đề năm trước LTTC.pdf | Set F5, Q28 | p.11 | Same collateral mechanism, paraphrased wording"
FIVE-F3-1,FIVE-F3-1,1,Past paper,"Year not stated; compilation | 5 bộ đề năm trước LTTC.pdf | Set F3, Q1 | p.6-9"
FIVE-F3-4,FIVE-F3-4-P1,1,Past paper,"Year not stated; compilation | 5 bộ đề năm trước LTTC.pdf | Set F3, Q4 | p.6-9"
FIVE-F3-6,FIVE-F3-6,1,Past paper,"Year not stated; compilation | 5 bộ đề năm trước LTTC.pdf | Set F3, Q6 | p.6-9"
FIVE-F3-7,FIVE-F3-7,1,Past paper,"Year not stated; compilation | 5 bộ đề năm trước LTTC.pdf | Set F3, Q7 | p.6-9"
FIVE-F3-9,FIVE-F3-9,1,Past paper,"Year not stated; compilation | 5 bộ đề năm trước LTTC.pdf | Set F3, Q9 | p.6-9"
FIVE-F3-10,FIVE-F3-10,1,Past paper,"Year not stated; compilation | 5 bộ đề năm trước LTTC.pdf | Set F3, Q10 | p.6-9"
FIVE-F3-11,FIVE-F3-11,1,Past paper,"Year not stated; compilation | 5 bộ đề năm trước LTTC.pdf | Set F3, Q11 | p.6-9"
FIVE-F3-12,FIVE-F3-12,1,Past paper,"Year not stated; compilation | 5 bộ đề năm trước LTTC.pdf | Set F3, Q12 | p.6-9"
FIVE-F3-13,FIVE-F3-13,1,Past paper,"Year not stated; compilation | 5 bộ đề năm trước LTTC.pdf | Set F3, Q13 | p.6-9"
FIVE-F3-14,FIVE-F3-14,1,Past paper,"Year not stated; compilation | 5 bộ đề năm trước LTTC.pdf | Set F3, Q14 | p.6-9"
MID16-1,MID16-1,1,Past paper,2016 (filename; exact exam date not printed) | LTTC-20260831T135230Z-1-001.zip > Principles of Finance 2026-20260831T134745Z-1-001.zip > Exercises/Midterm Exam - sep2016.docx and Copy of Midterm Exam - sep2016.docx | A Q1; Exercises/Mock exam 2020.docx | A Q1
MID16-2,MID16-2,1,Past paper,2016 (filename; exact exam date not printed) | LTTC-20260831T135230Z-1-001.zip > Principles of Finance 2026-20260831T134745Z-1-001.zip > Exercises/Midterm Exam - sep2016.docx and Copy of Midterm Exam - sep2016.docx | A Q2; Exercises/Mock exam 2020.docx | A Q2
MID16-3,MID16-3,1,Past paper,2016 (filename; exact exam date not printed) | LTTC-20260831T135230Z-1-001.zip > Principles of Finance 2026-20260831T134745Z-1-001.zip > Exercises/Midterm Exam - sep2016.docx and Copy of Midterm Exam - sep2016.docx | A Q3; Exercises/Mock exam 2020.docx | A Q3
MID16-4,MID16-4,1,Past paper,2016 (filename; exact exam date not printed) | LTTC-20260831T135230Z-1-001.zip > Principles of Finance 2026-20260831T134745Z-1-001.zip > Exercises/Midterm Exam - sep2016.docx and Copy of Midterm Exam - sep2016.docx | A Q4; Exercises/Mock exam 2020.docx | A Q4
MID16-5,MID16-5,1,Past paper,2016 (filename; exact exam date not printed) | LTTC-20260831T135230Z-1-001.zip > Principles of Finance 2026-20260831T134745Z-1-001.zip > Exercises/Midterm Exam - sep2016.docx and Copy of Midterm Exam - sep2016.docx | A Q5
MID16-9,MID16-9,1,Past paper,2016 (filename; exact exam date not printed) | LTTC-20260831T135230Z-1-001.zip > Principles of Finance 2026-20260831T134745Z-1-001.zip > Exercises/Midterm Exam - sep2016.docx and Copy of Midterm Exam - sep2016.docx | A Q9; Exercises/Mock exam 2020.docx | A Q9
MID16-11,MID16-11,1,Past paper,2016 (filename; exact exam date not printed) | LTTC-20260831T135230Z-1-001.zip > Principles of Finance 2026-20260831T134745Z-1-001.zip > Exercises/Midterm Exam - sep2016.docx and Copy of Midterm Exam - sep2016.docx | A Q11; Exercises/Mock exam 2020.docx | A Q11
MID16-13,MID16-13,1,Past paper,2016 (filename; exact exam date not printed) | LTTC-20260831T135230Z-1-001.zip > Principles of Finance 2026-20260831T134745Z-1-001.zip > Exercises/Midterm Exam - sep2016.docx and Copy of Midterm Exam - sep2016.docx | A Q13; Exercises/Mock exam 2020.docx | A Q13
MID16-14,MID16-14,1,Past paper,2016 (filename; exact exam date not printed) | LTTC-20260831T135230Z-1-001.zip > Principles of Finance 2026-20260831T134745Z-1-001.zip > Exercises/Midterm Exam - sep2016.docx and Copy of Midterm Exam - sep2016.docx | A Q14; Exercises/Mock exam 2020.docx | A Q14
MID16-15,MID16-15,1,Past paper,2016 (filename; exact exam date not printed) | LTTC-20260831T135230Z-1-001.zip > Principles of Finance 2026-20260831T134745Z-1-001.zip > Exercises/Midterm Exam - sep2016.docx and Copy of Midterm Exam - sep2016.docx | A Q15; Exercises/Mock exam 2020.docx | A Q15
MID16-17,MID16-17,1,Past paper,2016 (filename; exact exam date not printed) | LTTC-20260831T135230Z-1-001.zip > Principles of Finance 2026-20260831T134745Z-1-001.zip > Exercises/Midterm Exam - sep2016.docx and Copy of Midterm Exam - sep2016.docx | A Q17; Exercises/Mock exam 2020.docx | A Q17
MID16-18,MID16-18-P1,1,Past paper,2016 (filename; exact exam date not printed) | LTTC-20260831T135230Z-1-001.zip > Principles of Finance 2026-20260831T134745Z-1-001.zip > Exercises/Midterm Exam - sep2016.docx and Copy of Midterm Exam - sep2016.docx | A Q18; Exercises/Mock exam 2020.docx | A Q18
MID16-19,MID16-19,1,Past paper,2016 (filename; exact exam date not printed) | LTTC-20260831T135230Z-1-001.zip > Principles of Finance 2026-20260831T134745Z-1-001.zip > Exercises/Midterm Exam - sep2016.docx and Copy of Midterm Exam - sep2016.docx | A Q19; Exercises/Mock exam 2020.docx | A Q19
MID16-20,MID16-20,1,Past paper,2016 (filename; exact exam date not printed) | LTTC-20260831T135230Z-1-001.zip > Principles of Finance 2026-20260831T134745Z-1-001.zip > Exercises/Midterm Exam - sep2016.docx and Copy of Midterm Exam - sep2016.docx | A Q20; Exercises/Mock exam 2020.docx | A Q20
MID16-21,MID16-21,1,Past paper,2016 (filename; exact exam date not printed) | LTTC-20260831T135230Z-1-001.zip > Principles of Finance 2026-20260831T134745Z-1-001.zip > Exercises/Midterm Exam - sep2016.docx and Copy of Midterm Exam - sep2016.docx | A Q21
MID16-22,MID16-22,1,Past paper,2016 (filename; exact exam date not printed) | LTTC-20260831T135230Z-1-001.zip > Principles of Finance 2026-20260831T134745Z-1-001.zip > Exercises/Midterm Exam - sep2016.docx and Copy of Midterm Exam - sep2016.docx | A Q22
MID16-23,MID16-23,1,Past paper,2016 (filename; exact exam date not printed) | LTTC-20260831T135230Z-1-001.zip > Principles of Finance 2026-20260831T134745Z-1-001.zip > Exercises/Midterm Exam - sep2016.docx and Copy of Midterm Exam - sep2016.docx | A Q23
MID16-29,MID16-29,1,Past paper,2016 (filename; exact exam date not printed) | LTTC-20260831T135230Z-1-001.zip > Principles of Finance 2026-20260831T134745Z-1-001.zip > Exercises/Midterm Exam - sep2016.docx and Copy of Midterm Exam - sep2016.docx | A Q29
MID16-B1,MID16-B1-P1,1,Past paper,2016 (filename) | embedded ZIP | Midterm Exam - sep2016.docx and Copy | B Q1
MID16-B2,MID16-B2-P1,1,Past paper,2016 (filename) | embedded ZIP | Midterm Exam - sep2016.docx and Copy | B Q2
MOCK20-B1,MOCK20-B1-P1,1,Past paper,2020 (filename) | embedded ZIP | Exercises/Mock exam 2020.docx | B Q1
MOCK18-1,MOCK18-1,1,Past paper,2018 (filename) | embedded ZIP | Exercises/Mock Exam 2018.docx | MCQ 1
MOCK18-2,MOCK18-2,1,Past paper,2018 (filename) | embedded ZIP | Exercises/Mock Exam 2018.docx | MCQ 2
MOCK18-3,MOCK18-3,1,Past paper,2018 (filename) | embedded ZIP | Exercises/Mock Exam 2018.docx | MCQ 3
MOCK18-4,MOCK18-4,1,Past paper,2018 (filename) | embedded ZIP | Exercises/Mock Exam 2018.docx | MCQ 4
MOCK18-5,MOCK18-5,1,Past paper,2018 (filename) | embedded ZIP | Exercises/Mock Exam 2018.docx | MCQ 5
MOCK18-6,MOCK18-6,1,Past paper,2018 (filename) | embedded ZIP | Exercises/Mock Exam 2018.docx | MCQ 6
MOCK18-7,MOCK18-7,1,Past paper,2018 (filename) | embedded ZIP | Exercises/Mock Exam 2018.docx | MCQ 7
MOCK18-8,MOCK18-8,1,Past paper,2018 (filename) | embedded ZIP | Exercises/Mock Exam 2018.docx | MCQ 8
K61-3,K61-3,2,Past paper,K61.2 / exam year not printed | K61.2 final sol.pdf; K61.2 final sol (1).pdf; năm-ngoái-trúng-18_20-Copy-of-final-lttc-Google-Docs.pdf; b8a68131-ba7a-483d-ad77-4694d59eb1e3.pdf | Q3 | p.1-3
K61-4,K61-4,2,Past paper,K61.2 / exam year not printed | K61.2 final sol.pdf; K61.2 final sol (1).pdf; năm-ngoái-trúng-18_20-Copy-of-final-lttc-Google-Docs.pdf; b8a68131-ba7a-483d-ad77-4694d59eb1e3.pdf | Q4 | p.1-3
K61-16,K61-16,2,Past paper,K61.2 / exam year not printed | K61.2 final sol.pdf; K61.2 final sol (1).pdf; năm-ngoái-trúng-18_20-Copy-of-final-lttc-Google-Docs.pdf; b8a68131-ba7a-483d-ad77-4694d59eb1e3.pdf | Q16 | p.1-3
K61-21,K61-21,2,Past paper,K61.2 / exam year not printed | K61.2 final sol.pdf; K61.2 final sol (1).pdf; năm-ngoái-trúng-18_20-Copy-of-final-lttc-Google-Docs.pdf; b8a68131-ba7a-483d-ad77-4694d59eb1e3.pdf | Q21 | p.1-3
K58-11-12,K58-11-12,2,Past paper,K58 / exam year not printed | K58.pdf | Q11-12 | p.1-4
K58-13,K58-13,2,Past paper,K58 / exam year not printed | K58.pdf | Q13 | p.1-4
K58-14,K58-14,2,Past paper,K58 / exam year not printed | K58.pdf | Q14 | p.1-4
K58-15,K58-15,2,Past paper,K58 / exam year not printed | K58.pdf | Q15 | p.1-4
K58-16,K58-16,2,Past paper,K58 / exam year not printed | K58.pdf | Q16 | p.1-4
K58-29b,K58-29b,2,Past paper,K58 / exam year not printed | K58.pdf | Q29b | p.1-4
TAN-20,TAN-20,2,Past paper,2021-2022; 16 October 2021 | xem-kĩ-Copy-of-de-ck-finance-aaaaaaaaaaaaaaaa.pdf | Q20 | p.2-6
TAN-34,TAN-34-P1,2,Past paper,2021-2022; 16 October 2021 | xem-kĩ-Copy-of-de-ck-finance-aaaaaaaaaaaaaaaa.pdf | Q34 | p.2-6
M16-Ex1,M16-Ex1-P1,2,Past paper,2015-2016 | 2016_-_Mock_Exam.pdf | QEx1 | p.1
M16-Ex1,M16-Ex1-P2,2,Past paper,2015-2016 | 2016_-_Mock_Exam.pdf | QEx1 | p.1
FIVE-F2-5,FIVE-F2-5,2,Past paper,"Year not stated; compilation | 5 bộ đề năm trước LTTC.pdf | Set F2, Q5 | p.2-5"
FIVE-F2-22,FIVE-F2-22-P1,2,Past paper,"Year not stated; compilation | 5 bộ đề năm trước LTTC.pdf | Set F2, Q22 | p.2-5"
FIVE-F2-24,FIVE-F2-24-P1,2,Past paper,"Year not stated; compilation | 5 bộ đề năm trước LTTC.pdf | Set F2, Q24 | p.2-5"
FIVE-F2-24,FIVE-F2-24-P2,2,Past paper,"Year not stated; compilation | 5 bộ đề năm trước LTTC.pdf | Set F2, Q24 | p.2-5"
FIVE-F2-24,FIVE-F2-24-I,2,Past paper,"Year not stated; compilation | 5 bộ đề năm trước LTTC.pdf | Set F2, Q24 | p.2-5"
FIVE-F3-2,FIVE-F3-2,2,Past paper,"Year not stated; compilation | 5 bộ đề năm trước LTTC.pdf | Set F3, Q2 | p.6-9"
FIVE-F3-15,FIVE-F3-15-P1,2,Past paper,"Year not stated; compilation | 5 bộ đề năm trước LTTC.pdf | Set F3, Q15 | p.6-9"
FIVE-F3-16,FIVE-F3-16,2,Past paper,"Year not stated; compilation | 5 bộ đề năm trước LTTC.pdf | Set F3, Q16 | p.6-9"
FIVE-F3-18,FIVE-F3-18,2,Past paper,"Year not stated; compilation | 5 bộ đề năm trước LTTC.pdf | Set F3, Q18 | p.6-9"
FIVE-F3-19,FIVE-F3-19-P1,2,Past paper,"Year not stated; compilation | 5 bộ đề năm trước LTTC.pdf | Set F3, Q19 | p.6-9"
FIVE-F3-28,FIVE-F3-28-P1,2,Past paper,"Year not stated; compilation | 5 bộ đề năm trước LTTC.pdf | Set F3, Q28 | p.6-9"
FIVE-F3-28,FIVE-F3-28-P2,2,Past paper,"Year not stated; compilation | 5 bộ đề năm trước LTTC.pdf | Set F3, Q28 | p.6-9"
FIVE-F3-28,FIVE-F3-28-I,2,Past paper,"Year not stated; compilation | 5 bộ đề năm trước LTTC.pdf | Set F3, Q28 | p.6-9"
MID16-6,MID16-6,2,Past paper,2016 (filename; exact exam date not printed) | LTTC-20260831T135230Z-1-001.zip > Principles of Finance 2026-20260831T134745Z-1-001.zip > Exercises/Midterm Exam - sep2016.docx and Copy of Midterm Exam - sep2016.docx | A Q6; Exercises/Mock exam 2020.docx | A Q6
MID16-8,MID16-8,2,Past paper,2016 (filename; exact exam date not printed) | LTTC-20260831T135230Z-1-001.zip > Principles of Finance 2026-20260831T134745Z-1-001.zip > Exercises/Midterm Exam - sep2016.docx and Copy of Midterm Exam - sep2016.docx | A Q8; Exercises/Mock exam 2020.docx | A Q8
MID16-10,MID16-10-P1,2,Past paper,2016 (filename; exact exam date not printed) | LTTC-20260831T135230Z-1-001.zip > Principles of Finance 2026-20260831T134745Z-1-001.zip > Exercises/Midterm Exam - sep2016.docx and Copy of Midterm Exam - sep2016.docx | A Q10; Exercises/Mock exam 2020.docx | A Q10
MID16-12,MID16-12,2,Past paper,2016 (filename; exact exam date not printed) | LTTC-20260831T135230Z-1-001.zip > Principles of Finance 2026-20260831T134745Z-1-001.zip > Exercises/Midterm Exam - sep2016.docx and Copy of Midterm Exam - sep2016.docx | A Q12; Exercises/Mock exam 2020.docx | A Q12
MID16-26,MID16-26-P1,2,Past paper,2016 (filename; exact exam date not printed) | LTTC-20260831T135230Z-1-001.zip > Principles of Finance 2026-20260831T134745Z-1-001.zip > Exercises/Midterm Exam - sep2016.docx and Copy of Midterm Exam - sep2016.docx | A Q26
MOCK18-E1,MOCK18-E1-P1,2,Past paper,2018 | embedded ZIP | Mock Exam 2018.docx | Exercise 1
MOCK18-E1,MOCK18-E1-P2,2,Past paper,2018 | embedded ZIP | Mock Exam 2018.docx | Exercise 1
MOCK18-E1,MOCK18-E1-P3,2,Past paper,2018 | embedded ZIP | Mock Exam 2018.docx | Exercise 1
MOCK18-E1,MOCK18-E1-I,2,Past paper,2018 | embedded ZIP | Mock Exam 2018.docx | Exercise 1
MOCK18-E2,MOCK18-E2-P1,2,Past paper,2018 | embedded ZIP | Mock Exam 2018.docx | Exercise 2
K61-28,K61-28-P1,3,Past paper,K61.2 / exam year not printed | K61.2 final sol.pdf; K61.2 final sol (1).pdf; năm-ngoái-trúng-18_20-Copy-of-final-lttc-Google-Docs.pdf; b8a68131-ba7a-483d-ad77-4694d59eb1e3.pdf | Q28 | p.1-3
K61-28,K61-28-P2,3,Past paper,K61.2 / exam year not printed | K61.2 final sol.pdf; K61.2 final sol (1).pdf; năm-ngoái-trúng-18_20-Copy-of-final-lttc-Google-Docs.pdf; b8a68131-ba7a-483d-ad77-4694d59eb1e3.pdf | Q28 | p.1-3
K61-28,K61-28-P3,3,Past paper,K61.2 / exam year not printed | K61.2 final sol.pdf; K61.2 final sol (1).pdf; năm-ngoái-trúng-18_20-Copy-of-final-lttc-Google-Docs.pdf; b8a68131-ba7a-483d-ad77-4694d59eb1e3.pdf | Q28 | p.1-3
K61-28,K61-28-P4,3,Past paper,K61.2 / exam year not printed | K61.2 final sol.pdf; K61.2 final sol (1).pdf; năm-ngoái-trúng-18_20-Copy-of-final-lttc-Google-Docs.pdf; b8a68131-ba7a-483d-ad77-4694d59eb1e3.pdf | Q28 | p.1-3
K61-28,K61-28-P5,3,Past paper,K61.2 / exam year not printed | K61.2 final sol.pdf; K61.2 final sol (1).pdf; năm-ngoái-trúng-18_20-Copy-of-final-lttc-Google-Docs.pdf; b8a68131-ba7a-483d-ad77-4694d59eb1e3.pdf | Q28 | p.1-3
K61-28,K61-28-P6,3,Past paper,K61.2 / exam year not printed | K61.2 final sol.pdf; K61.2 final sol (1).pdf; năm-ngoái-trúng-18_20-Copy-of-final-lttc-Google-Docs.pdf; b8a68131-ba7a-483d-ad77-4694d59eb1e3.pdf | Q28 | p.1-3
K61-28,K61-28-P7,3,Past paper,K61.2 / exam year not printed | K61.2 final sol.pdf; K61.2 final sol (1).pdf; năm-ngoái-trúng-18_20-Copy-of-final-lttc-Google-Docs.pdf; b8a68131-ba7a-483d-ad77-4694d59eb1e3.pdf | Q28 | p.1-3
K58-28,K58-28,3,Past paper,K58 / exam year not printed | K58.pdf | Q28 | p.1-4
K58-29a,K58-29a,3,Past paper,K58 / exam year not printed | K58.pdf | Q29a | p.1-4
K59-9,K59-9-P1,3,Past paper,K59 / exam year not printed | K59.pdf | Q9 | p.1-7
K59-9,K59-9-P2,3,Past paper,K59 / exam year not printed | K59.pdf | Q9 | p.1-7
M16-Ex4,M16-Ex4-P1,3,Past paper,2015-2016 | 2016_-_Mock_Exam.pdf | QEx4 | p.1
M16-Ex4,M16-Ex4-P2,3,Past paper,2015-2016 | 2016_-_Mock_Exam.pdf | QEx4 | p.1
M16-Ex4,M16-Ex4-P3,3,Past paper,2015-2016 | 2016_-_Mock_Exam.pdf | QEx4 | p.1
FIVE-F1-W1,FIVE-F1-W1-P1,3,Past paper,Year not stated; compilation | 5 bộ đề năm trước LTTC.pdf | Opening written Q1 | p.1
FIVE-F1-W1,FIVE-F1-W1-P2,3,Past paper,Year not stated; compilation | 5 bộ đề năm trước LTTC.pdf | Opening written Q1 | p.1
FIVE-F1-W1,FIVE-F1-W1-P3,3,Past paper,Year not stated; compilation | 5 bộ đề năm trước LTTC.pdf | Opening written Q1 | p.1
FIVE-F2-23,FIVE-F2-23-P1,3,Past paper,"Year not stated; compilation | 5 bộ đề năm trước LTTC.pdf | Set F2, Q23 | p.2-5"
FIVE-F3-17,FIVE-F3-17,3,Past paper,"Year not stated; compilation | 5 bộ đề năm trước LTTC.pdf | Set F3, Q17 | p.6-9"
FIVE-F3-26,FIVE-F3-26-P1,3,Past paper,"Year not stated; compilation | 5 bộ đề năm trước LTTC.pdf | Set F3, Q26 | p.6-9"
FIVE-F3-26,FIVE-F3-26-P2,3,Past paper,"Year not stated; compilation | 5 bộ đề năm trước LTTC.pdf | Set F3, Q26 | p.6-9"
FIVE-F3-26,FIVE-F3-26-P3,3,Past paper,"Year not stated; compilation | 5 bộ đề năm trước LTTC.pdf | Set F3, Q26 | p.6-9"
FIVE-F3-26,FIVE-F3-26-P4,3,Past paper,"Year not stated; compilation | 5 bộ đề năm trước LTTC.pdf | Set F3, Q26 | p.6-9"
FIVE-F4-12,FIVE-F4-12-P1,3,Past paper,"Year not stated; compilation | 5 bộ đề năm trước LTTC.pdf | Set F4, Q12 | p.9-10"
FIVE-F4-12,FIVE-F4-12-P2,3,Past paper,"Year not stated; compilation | 5 bộ đề năm trước LTTC.pdf | Set F4, Q12 | p.9-10"
FIVE-F5-26,FIVE-F5-26-P1,3,Past paper,"Year not stated; compilation | 5 bộ đề năm trước LTTC.pdf | Set F5, Q26 | p.11"
FIVE-F5-26,FIVE-F5-26-P2,3,Past paper,"Year not stated; compilation | 5 bộ đề năm trước LTTC.pdf | Set F5, Q26 | p.11"
FIVE-F5-26,FIVE-F5-26-P3,3,Past paper,"Year not stated; compilation | 5 bộ đề năm trước LTTC.pdf | Set F5, Q26 | p.11"
FIVE-F5-26,FIVE-F5-26-P4,3,Past paper,"Year not stated; compilation | 5 bộ đề năm trước LTTC.pdf | Set F5, Q26 | p.11"
K61-6,K61-6,4,Past paper,K61.2 / exam year not printed | K61.2 final sol.pdf; K61.2 final sol (1).pdf; năm-ngoái-trúng-18_20-Copy-of-final-lttc-Google-Docs.pdf; b8a68131-ba7a-483d-ad77-4694d59eb1e3.pdf | Q6 | p.1-3
K61-22,K61-22,4,Past paper,K61.2 / exam year not printed | K61.2 final sol.pdf; K61.2 final sol (1).pdf; năm-ngoái-trúng-18_20-Copy-of-final-lttc-Google-Docs.pdf; b8a68131-ba7a-483d-ad77-4694d59eb1e3.pdf | Q22 | p.1-3
K61-23,K61-23,4,Past paper,K61.2 / exam year not printed | K61.2 final sol.pdf; K61.2 final sol (1).pdf; năm-ngoái-trúng-18_20-Copy-of-final-lttc-Google-Docs.pdf; b8a68131-ba7a-483d-ad77-4694d59eb1e3.pdf | Q23 | p.1-3
K61-27,K61-27-P1,4,Past paper,K61.2 / exam year not printed | K61.2 final sol.pdf; K61.2 final sol (1).pdf; năm-ngoái-trúng-18_20-Copy-of-final-lttc-Google-Docs.pdf; b8a68131-ba7a-483d-ad77-4694d59eb1e3.pdf | Q27 | p.1-3
K61-27,K61-27-P2,4,Past paper,K61.2 / exam year not printed | K61.2 final sol.pdf; K61.2 final sol (1).pdf; năm-ngoái-trúng-18_20-Copy-of-final-lttc-Google-Docs.pdf; b8a68131-ba7a-483d-ad77-4694d59eb1e3.pdf | Q27 | p.1-3
K61-27,K61-27-P3,4,Past paper,K61.2 / exam year not printed | K61.2 final sol.pdf; K61.2 final sol (1).pdf; năm-ngoái-trúng-18_20-Copy-of-final-lttc-Google-Docs.pdf; b8a68131-ba7a-483d-ad77-4694d59eb1e3.pdf | Q27 | p.1-3
K61-27,K61-27-P4,4,Past paper,K61.2 / exam year not printed | K61.2 final sol.pdf; K61.2 final sol (1).pdf; năm-ngoái-trúng-18_20-Copy-of-final-lttc-Google-Docs.pdf; b8a68131-ba7a-483d-ad77-4694d59eb1e3.pdf | Q27 | p.1-3
K61-27,K61-27-I,4,Past paper,K61.2 / exam year not printed | K61.2 final sol.pdf; K61.2 final sol (1).pdf; năm-ngoái-trúng-18_20-Copy-of-final-lttc-Google-Docs.pdf; b8a68131-ba7a-483d-ad77-4694d59eb1e3.pdf | Q27 | p.1-3
K58-6,K58-6,4,Past paper,K58 / exam year not printed | K58.pdf | Q6 | p.1-4
K58-30,K58-30,4,Past paper,K58 / exam year not printed | K58.pdf | Q30 | p.1-4
TAN-6,TAN-6,4,Past paper,2021-2022; 16 October 2021 | xem-kĩ-Copy-of-de-ck-finance-aaaaaaaaaaaaaaaa.pdf | Q6 | p.2-6
M16-Ex2,M16-Ex2-P1,4,Past paper,2015-2016 | 2016_-_Mock_Exam.pdf | QEx2 | p.1
M16-Ex3,M16-Ex3-P1,4,Past paper,2015-2016 | 2016_-_Mock_Exam.pdf | QEx3 | p.1
FIVE-F1-W2,FIVE-F1-W2-P1,4,Past paper,Year not stated; compilation | 5 bộ đề năm trước LTTC.pdf | Opening written Q2 | p.1 Source note: Part (b) omits the coupon schedule/price convention.
FIVE-F1-W2,FIVE-F1-W2-I,4,Past paper,Year not stated; compilation | 5 bộ đề năm trước LTTC.pdf | Opening written Q2 | p.1 Source note: Part (b) omits the coupon schedule/price convention.
FIVE-F2-2,FIVE-F2-2-P1,4,Past paper,"Year not stated; compilation | 5 bộ đề năm trước LTTC.pdf | Set F2, Q2 | p.2-5"
FIVE-F2-4,FIVE-F2-4,4,Past paper,"Year not stated; compilation | 5 bộ đề năm trước LTTC.pdf | Set F2, Q4 | p.2-5"
FIVE-F2-8,FIVE-F2-8,4,Past paper,"Year not stated; compilation | 5 bộ đề năm trước LTTC.pdf | Set F2, Q8 | p.2-5"
FIVE-F2-19,FIVE-F2-19,4,Past paper,"Year not stated; compilation | 5 bộ đề năm trước LTTC.pdf | Set F2, Q19 | p.2-5"
FIVE-F2-21,FIVE-F2-21-P1,4,Past paper,"Year not stated; compilation | 5 bộ đề năm trước LTTC.pdf | Set F2, Q21 | p.2-5"
FIVE-F2-21,FIVE-F2-21-P2,4,Past paper,"Year not stated; compilation | 5 bộ đề năm trước LTTC.pdf | Set F2, Q21 | p.2-5"
FIVE-F3-3,FIVE-F3-3,4,Past paper,"Year not stated; compilation | 5 bộ đề năm trước LTTC.pdf | Set F3, Q3 | p.6-9"
FIVE-F3-5,FIVE-F3-5-P1,4,Past paper,"Year not stated; compilation | 5 bộ đề năm trước LTTC.pdf | Set F3, Q5 | p.6-9"
FIVE-F3-20,FIVE-F3-20,4,Past paper,"Year not stated; compilation | 5 bộ đề năm trước LTTC.pdf | Set F3, Q20 | p.6-9"
FIVE-F3-21,FIVE-F3-21,4,Past paper,"Year not stated; compilation | 5 bộ đề năm trước LTTC.pdf | Set F3, Q21 | p.6-9"
FIVE-F3-22,FIVE-F3-22,4,Past paper,"Year not stated; compilation | 5 bộ đề năm trước LTTC.pdf | Set F3, Q22 | p.6-9"
FIVE-F3-25,FIVE-F3-25-P1,4,Past paper,"Year not stated; compilation | 5 bộ đề năm trước LTTC.pdf | Set F3, Q25 | p.6-9"
FIVE-F3-25,FIVE-F3-25-I,4,Past paper,"Year not stated; compilation | 5 bộ đề năm trước LTTC.pdf | Set F3, Q25 | p.6-9"
FIVE-F4-11,FIVE-F4-11-P1,4,Past paper,"Year not stated; compilation | 5 bộ đề năm trước LTTC.pdf | Set F4, Q11 | p.9-10"
FIVE-F5-25,FIVE-F5-25-P1,4,Past paper,"Year not stated; compilation | 5 bộ đề năm trước LTTC.pdf | Set F5, Q25 | p.11"
FIVE-F5-25,FIVE-F5-25-I,4,Past paper,"Year not stated; compilation | 5 bộ đề năm trước LTTC.pdf | Set F5, Q25 | p.11"
MOCK18-E4,MOCK18-E4-P1,4,Past paper,2018 | embedded ZIP | Mock Exam 2018.docx | Exercise 4
K61-5,K61-5,5,Past paper,K61.2 / exam year not printed | K61.2 final sol.pdf; K61.2 final sol (1).pdf; năm-ngoái-trúng-18_20-Copy-of-final-lttc-Google-Docs.pdf; b8a68131-ba7a-483d-ad77-4694d59eb1e3.pdf | Q5 | p.1-3 Source note: The short typed copy omits a choice and shifts the list; the photographic list is used here.
K61-26,K61-26-P1,5,Past paper,K61.2 / exam year not printed | K61.2 final sol.pdf; K61.2 final sol (1).pdf; năm-ngoái-trúng-18_20-Copy-of-final-lttc-Google-Docs.pdf; b8a68131-ba7a-483d-ad77-4694d59eb1e3.pdf | Q26 | p.1-3
K61-26,K61-26-P2,5,Past paper,K61.2 / exam year not printed | K61.2 final sol.pdf; K61.2 final sol (1).pdf; năm-ngoái-trúng-18_20-Copy-of-final-lttc-Google-Docs.pdf; b8a68131-ba7a-483d-ad77-4694d59eb1e3.pdf | Q26 | p.1-3
K61-26,K61-26-P3,5,Past paper,K61.2 / exam year not printed | K61.2 final sol.pdf; K61.2 final sol (1).pdf; năm-ngoái-trúng-18_20-Copy-of-final-lttc-Google-Docs.pdf; b8a68131-ba7a-483d-ad77-4694d59eb1e3.pdf | Q26 | p.1-3
TAN-13,TAN-13,5,Past paper,2021-2022; 16 October 2021 | xem-kĩ-Copy-of-de-ck-finance-aaaaaaaaaaaaaaaa.pdf | Q13 | p.2-6
FIVE-F2-11,FIVE-F2-11,5,Past paper,"Year not stated; compilation | 5 bộ đề năm trước LTTC.pdf | Set F2, Q11 | p.2-5"
FIVE-F2-12,FIVE-F2-12,5,Past paper,"Year not stated; compilation | 5 bộ đề năm trước LTTC.pdf | Set F2, Q12 | p.2-5"
FIVE-F2-13,FIVE-F2-13,5,Past paper,"Year not stated; compilation | 5 bộ đề năm trước LTTC.pdf | Set F2, Q13 | p.2-5"
FIVE-F2-18,FIVE-F2-18,5,Past paper,"Year not stated; compilation | 5 bộ đề năm trước LTTC.pdf | Set F2, Q18 | p.2-5"
FIVE-F3-8,FIVE-F3-8,5,Past paper,"Year not stated; compilation | 5 bộ đề năm trước LTTC.pdf | Set F3, Q8 | p.6-9"
FIVE-F3-23,FIVE-F3-23,5,Past paper,"Year not stated; compilation | 5 bộ đề năm trước LTTC.pdf | Set F3, Q23 | p.6-9"
FIVE-F3-24,FIVE-F3-24,5,Past paper,"Year not stated; compilation | 5 bộ đề năm trước LTTC.pdf | Set F3, Q24 | p.6-9"
FIVE-F3-27,FIVE-F3-27-P1,5,Past paper,"Year not stated; compilation | 5 bộ đề năm trước LTTC.pdf | Set F3, Q27 | p.6-9"
FIVE-F3-27,FIVE-F3-27-P2,5,Past paper,"Year not stated; compilation | 5 bộ đề năm trước LTTC.pdf | Set F3, Q27 | p.6-9"
FIVE-F4-13,FIVE-F4-13-P1,5,Past paper,"Year not stated; compilation | 5 bộ đề năm trước LTTC.pdf | Set F4, Q13 | p.9-10"
FIVE-F4-13,FIVE-F4-13-P2,5,Past paper,"Year not stated; compilation | 5 bộ đề năm trước LTTC.pdf | Set F4, Q13 | p.9-10"
FIVE-F4-13,FIVE-F4-13-P3,5,Past paper,"Year not stated; compilation | 5 bộ đề năm trước LTTC.pdf | Set F4, Q13 | p.9-10"
FIVE-F5-27,FIVE-F5-27-P1,5,Past paper,"Year not stated; compilation | 5 bộ đề năm trước LTTC.pdf | Set F5, Q27 | p.11"
FIVE-F5-27,FIVE-F5-27-P2,5,Past paper,"Year not stated; compilation | 5 bộ đề năm trước LTTC.pdf | Set F5, Q27 | p.11"
MID16-24,MID16-24,5,Past paper,2016 (filename; exact exam date not printed) | LTTC-20260831T135230Z-1-001.zip > Principles of Finance 2026-20260831T134745Z-1-001.zip > Exercises/Midterm Exam - sep2016.docx and Copy of Midterm Exam - sep2016.docx | A Q24
MID16-25,MID16-25,5,Past paper,2016 (filename; exact exam date not printed) | LTTC-20260831T135230Z-1-001.zip > Principles of Finance 2026-20260831T134745Z-1-001.zip > Exercises/Midterm Exam - sep2016.docx and Copy of Midterm Exam - sep2016.docx | A Q25
MID16-27,MID16-27,5,Past paper,2016 (filename; exact exam date not printed) | LTTC-20260831T135230Z-1-001.zip > Principles of Finance 2026-20260831T134745Z-1-001.zip > Exercises/Midterm Exam - sep2016.docx and Copy of Midterm Exam - sep2016.docx | A Q27
MID16-28,MID16-28,5,Past paper,2016 (filename; exact exam date not printed) | LTTC-20260831T135230Z-1-001.zip > Principles of Finance 2026-20260831T134745Z-1-001.zip > Exercises/Midterm Exam - sep2016.docx and Copy of Midterm Exam - sep2016.docx | A Q28
MID16-30,MID16-30,5,Past paper,2016 (filename; exact exam date not printed) | LTTC-20260831T135230Z-1-001.zip > Principles of Finance 2026-20260831T134745Z-1-001.zip > Exercises/Midterm Exam - sep2016.docx and Copy of Midterm Exam - sep2016.docx | A Q30
MOCK18-9,MOCK18-9,5,Past paper,2018 (filename) | embedded ZIP | Exercises/Mock Exam 2018.docx | MCQ 9
MOCK18-10,MOCK18-10,5,Past paper,2018 (filename) | embedded ZIP | Exercises/Mock Exam 2018.docx | MCQ 10
K61-7,K61-7,6,Past paper,K61.2 / exam year not printed | K61.2 final sol.pdf; K61.2 final sol (1).pdf; năm-ngoái-trúng-18_20-Copy-of-final-lttc-Google-Docs.pdf; b8a68131-ba7a-483d-ad77-4694d59eb1e3.pdf | Q7 | p.1-3
K61-8,K61-8,6,Past paper,K61.2 / exam year not printed | K61.2 final sol.pdf; K61.2 final sol (1).pdf; năm-ngoái-trúng-18_20-Copy-of-final-lttc-Google-Docs.pdf; b8a68131-ba7a-483d-ad77-4694d59eb1e3.pdf | Q8 | p.1-3
K61-17,K61-17,6,Past paper,K61.2 / exam year not printed | K61.2 final sol.pdf; K61.2 final sol (1).pdf; năm-ngoái-trúng-18_20-Copy-of-final-lttc-Google-Docs.pdf; b8a68131-ba7a-483d-ad77-4694d59eb1e3.pdf | Q17 | p.1-3
K58-1,K58-1,6,Past paper,K58 / exam year not printed | K58.pdf | Q1 | p.4
K58-17,K58-17,6,Past paper,K58 / exam year not printed | K58.pdf | Q17 | p.1-4
K58-18,K58-18,6,Past paper,K58 / exam year not printed | K58.pdf | Q18 | p.1-4
K58-19,K58-19,6,Past paper,K58 / exam year not printed | K58.pdf | Q19 | p.1-4
K58-20,K58-20,6,Past paper,K58 / exam year not printed | K58.pdf | Q20 | p.1-4
K58-21,K58-21,6,Past paper,K58 / exam year not printed | K58.pdf | Q21 | p.1-4
K58-22,K58-22,6,Past paper,K58 / exam year not printed | K58.pdf | Q22 | p.1-4
FIVE-F2-15,FIVE-F2-15-P1,6,Past paper,"Year not stated; compilation | 5 bộ đề năm trước LTTC.pdf | Set F2, Q15 | p.2-5"
FIVE-F2-15,FIVE-F2-15-P2,6,Past paper,"Year not stated; compilation | 5 bộ đề năm trước LTTC.pdf | Set F2, Q15 | p.2-5"
FIVE-F2-15,FIVE-F2-15-P3,6,Past paper,"Year not stated; compilation | 5 bộ đề năm trước LTTC.pdf | Set F2, Q15 | p.2-5"
FIVE-F2-16,FIVE-F2-16-P1,6,Past paper,"Year not stated; compilation | 5 bộ đề năm trước LTTC.pdf | Set F2, Q16 | p.2-5"
FIVE-F2-17,FIVE-F2-17,6,Past paper,"Year not stated; compilation | 5 bộ đề năm trước LTTC.pdf | Set F2, Q17 | p.2-5"
K61-15,K61-15,7,Past paper,K61.2 / exam year not printed | K61.2 final sol.pdf; K61.2 final sol (1).pdf; năm-ngoái-trúng-18_20-Copy-of-final-lttc-Google-Docs.pdf; b8a68131-ba7a-483d-ad77-4694d59eb1e3.pdf | Q15 | p.1-3
K61-24,K61-24,7,Past paper,K61.2 / exam year not printed | K61.2 final sol.pdf; K61.2 final sol (1).pdf; năm-ngoái-trúng-18_20-Copy-of-final-lttc-Google-Docs.pdf; b8a68131-ba7a-483d-ad77-4694d59eb1e3.pdf | Q24 | p.1-3
K61-25,K61-25,7,Past paper,K61.2 / exam year not printed | K61.2 final sol.pdf; K61.2 final sol (1).pdf; năm-ngoái-trúng-18_20-Copy-of-final-lttc-Google-Docs.pdf; b8a68131-ba7a-483d-ad77-4694d59eb1e3.pdf | Q25 | p.1-3
K61-30,K61-30-T1,7,Past paper,K61.2 / exam year not printed | K61.2 final sol.pdf; K61.2 final sol (1).pdf; năm-ngoái-trúng-18_20-Copy-of-final-lttc-Google-Docs.pdf; b8a68131-ba7a-483d-ad77-4694d59eb1e3.pdf | Q30 | p.1-3
K61-30,K61-30-T2,7,Past paper,K61.2 / exam year not printed | K61.2 final sol.pdf; K61.2 final sol (1).pdf; năm-ngoái-trúng-18_20-Copy-of-final-lttc-Google-Docs.pdf; b8a68131-ba7a-483d-ad77-4694d59eb1e3.pdf | Q30 | p.1-3
K61-30,K61-30-T3,7,Past paper,K61.2 / exam year not printed | K61.2 final sol.pdf; K61.2 final sol (1).pdf; năm-ngoái-trúng-18_20-Copy-of-final-lttc-Google-Docs.pdf; b8a68131-ba7a-483d-ad77-4694d59eb1e3.pdf | Q30 | p.1-3
K61-30,K61-30-T4,7,Past paper,K61.2 / exam year not printed | K61.2 final sol.pdf; K61.2 final sol (1).pdf; năm-ngoái-trúng-18_20-Copy-of-final-lttc-Google-Docs.pdf; b8a68131-ba7a-483d-ad77-4694d59eb1e3.pdf | Q30 | p.1-3
K61-30,K61-30-T5,7,Past paper,K61.2 / exam year not printed | K61.2 final sol.pdf; K61.2 final sol (1).pdf; năm-ngoái-trúng-18_20-Copy-of-final-lttc-Google-Docs.pdf; b8a68131-ba7a-483d-ad77-4694d59eb1e3.pdf | Q30 | p.1-3
K61-30,K61-30-T6,7,Past paper,K61.2 / exam year not printed | K61.2 final sol.pdf; K61.2 final sol (1).pdf; năm-ngoái-trúng-18_20-Copy-of-final-lttc-Google-Docs.pdf; b8a68131-ba7a-483d-ad77-4694d59eb1e3.pdf | Q30 | p.1-3
K61-30,K61-30-T7,7,Past paper,K61.2 / exam year not printed | K61.2 final sol.pdf; K61.2 final sol (1).pdf; năm-ngoái-trúng-18_20-Copy-of-final-lttc-Google-Docs.pdf; b8a68131-ba7a-483d-ad77-4694d59eb1e3.pdf | Q30 | p.1-3
K61-30,K61-30-T8,7,Past paper,K61.2 / exam year not printed | K61.2 final sol.pdf; K61.2 final sol (1).pdf; năm-ngoái-trúng-18_20-Copy-of-final-lttc-Google-Docs.pdf; b8a68131-ba7a-483d-ad77-4694d59eb1e3.pdf | Q30 | p.1-3
K61-30,K61-30-I,7,Past paper,K61.2 / exam year not printed | K61.2 final sol.pdf; K61.2 final sol (1).pdf; năm-ngoái-trúng-18_20-Copy-of-final-lttc-Google-Docs.pdf; b8a68131-ba7a-483d-ad77-4694d59eb1e3.pdf | Q30 | p.1-3
K59-5,K59-5,7,Past paper,K59 / exam year not printed | K59.pdf | Q5 | p.1-7
K59-8,K59-8,7,Past paper,K59 / exam year not printed | K59.pdf | Q8 | p.1-7
K59-15,K59-15-P1,7,Past paper,K59 / exam year not printed | K59.pdf | Q15 | p.1-7
K59-15,K59-15-P2,7,Past paper,K59 / exam year not printed | K59.pdf | Q15 | p.1-7
TAN-9,TAN-9,7,Past paper,2021-2022; 16 October 2021 | xem-kĩ-Copy-of-de-ck-finance-aaaaaaaaaaaaaaaa.pdf | Q9 | p.2-6
TAN-17,TAN-17,7,Past paper,2021-2022; 16 October 2021 | xem-kĩ-Copy-of-de-ck-finance-aaaaaaaaaaaaaaaa.pdf | Q17 | p.2-6
TAN-21,TAN-21-P1,7,Past paper,2021-2022; 16 October 2021 | xem-kĩ-Copy-of-de-ck-finance-aaaaaaaaaaaaaaaa.pdf | Q21 | p.2-6
TAN-22,TAN-22-P1,7,Past paper,2021-2022; 16 October 2021 | xem-kĩ-Copy-of-de-ck-finance-aaaaaaaaaaaaaaaa.pdf | Q22 | p.2-6
TAN-30,TAN-30-P1,7,Past paper,2021-2022; 16 October 2021 | xem-kĩ-Copy-of-de-ck-finance-aaaaaaaaaaaaaaaa.pdf | Q30 | p.2-6
TAN-32,TAN-32-P1,7,Past paper,2021-2022; 16 October 2021 | xem-kĩ-Copy-of-de-ck-finance-aaaaaaaaaaaaaaaa.pdf | Q32 | p.2-6
TAN-32,TAN-32-P2,7,Past paper,2021-2022; 16 October 2021 | xem-kĩ-Copy-of-de-ck-finance-aaaaaaaaaaaaaaaa.pdf | Q32 | p.2-6
TAN-32,TAN-32-P3,7,Past paper,2021-2022; 16 October 2021 | xem-kĩ-Copy-of-de-ck-finance-aaaaaaaaaaaaaaaa.pdf | Q32 | p.2-6
TAN-32,TAN-32-P4,7,Past paper,2021-2022; 16 October 2021 | xem-kĩ-Copy-of-de-ck-finance-aaaaaaaaaaaaaaaa.pdf | Q32 | p.2-6
TAN-35,TAN-35-P1,7,Past paper,2021-2022; 16 October 2021 | xem-kĩ-Copy-of-de-ck-finance-aaaaaaaaaaaaaaaa.pdf | Q35 | p.2-6
M16-FSA,M16-FSA-P1,7,Past paper,2015-2016 | 2016_-_Mock_Exam.pdf | QFSA | p.1-2
M16-FSA,M16-FSA-P2,7,Past paper,2015-2016 | 2016_-_Mock_Exam.pdf | QFSA | p.1-2
FIVE-F1-W3,FIVE-F1-W3-T1,7,Past paper,Year not stated; compilation | 5 bộ đề năm trước LTTC.pdf | Opening written Q3 | p.1
FIVE-F1-W3,FIVE-F1-W3-T2,7,Past paper,Year not stated; compilation | 5 bộ đề năm trước LTTC.pdf | Opening written Q3 | p.1
FIVE-F1-W3,FIVE-F1-W3-T3,7,Past paper,Year not stated; compilation | 5 bộ đề năm trước LTTC.pdf | Opening written Q3 | p.1
FIVE-F1-W3,FIVE-F1-W3-T4,7,Past paper,Year not stated; compilation | 5 bộ đề năm trước LTTC.pdf | Opening written Q3 | p.1
FIVE-F1-W3,FIVE-F1-W3-T5,7,Past paper,Year not stated; compilation | 5 bộ đề năm trước LTTC.pdf | Opening written Q3 | p.1
FIVE-F1-W3,FIVE-F1-W3-T6,7,Past paper,Year not stated; compilation | 5 bộ đề năm trước LTTC.pdf | Opening written Q3 | p.1
FIVE-F1-W3,FIVE-F1-W3-I,7,Past paper,Year not stated; compilation | 5 bộ đề năm trước LTTC.pdf | Opening written Q3 | p.1
FIVE-PF-1,FIVE-PF-1-T1,7,Past paper,Year not stated; compilation | 5 bộ đề năm trước LTTC.pdf | Firm-performance practice Q1 | p.12-15 Source note: Supplementary practice in compilation; not verified as a dated past exam.
FIVE-PF-1,FIVE-PF-1-T2,7,Past paper,Year not stated; compilation | 5 bộ đề năm trước LTTC.pdf | Firm-performance practice Q1 | p.12-15 Source note: Supplementary practice in compilation; not verified as a dated past exam.
FIVE-PF-1,FIVE-PF-1-T3,7,Past paper,Year not stated; compilation | 5 bộ đề năm trước LTTC.pdf | Firm-performance practice Q1 | p.12-15 Source note: Supplementary practice in compilation; not verified as a dated past exam.
FIVE-PF-1,FIVE-PF-1-T4,7,Past paper,Year not stated; compilation | 5 bộ đề năm trước LTTC.pdf | Firm-performance practice Q1 | p.12-15 Source note: Supplementary practice in compilation; not verified as a dated past exam.
FIVE-PF-1,FIVE-PF-1-T5,7,Past paper,Year not stated; compilation | 5 bộ đề năm trước LTTC.pdf | Firm-performance practice Q1 | p.12-15 Source note: Supplementary practice in compilation; not verified as a dated past exam.
FIVE-PF-1,FIVE-PF-1-T6,7,Past paper,Year not stated; compilation | 5 bộ đề năm trước LTTC.pdf | Firm-performance practice Q1 | p.12-15 Source note: Supplementary practice in compilation; not verified as a dated past exam.
FIVE-PF-1,FIVE-PF-1-T7,7,Past paper,Year not stated; compilation | 5 bộ đề năm trước LTTC.pdf | Firm-performance practice Q1 | p.12-15 Source note: Supplementary practice in compilation; not verified as a dated past exam.
FIVE-PF-1,FIVE-PF-1-T8,7,Past paper,Year not stated; compilation | 5 bộ đề năm trước LTTC.pdf | Firm-performance practice Q1 | p.12-15 Source note: Supplementary practice in compilation; not verified as a dated past exam.
FIVE-PF-1,FIVE-PF-1-T9,7,Past paper,Year not stated; compilation | 5 bộ đề năm trước LTTC.pdf | Firm-performance practice Q1 | p.12-15 Source note: Supplementary practice in compilation; not verified as a dated past exam.
FIVE-PF-1,FIVE-PF-1-T10,7,Past paper,Year not stated; compilation | 5 bộ đề năm trước LTTC.pdf | Firm-performance practice Q1 | p.12-15 Source note: Supplementary practice in compilation; not verified as a dated past exam.
FIVE-PF-1,FIVE-PF-1-T11,7,Past paper,Year not stated; compilation | 5 bộ đề năm trước LTTC.pdf | Firm-performance practice Q1 | p.12-15 Source note: Supplementary practice in compilation; not verified as a dated past exam.
FIVE-PF-1,FIVE-PF-1-T12,7,Past paper,Year not stated; compilation | 5 bộ đề năm trước LTTC.pdf | Firm-performance practice Q1 | p.12-15 Source note: Supplementary practice in compilation; not verified as a dated past exam.
FIVE-PF-1,FIVE-PF-1-T13,7,Past paper,Year not stated; compilation | 5 bộ đề năm trước LTTC.pdf | Firm-performance practice Q1 | p.12-15 Source note: Supplementary practice in compilation; not verified as a dated past exam.
FIVE-PF-1,FIVE-PF-1-T14,7,Past paper,Year not stated; compilation | 5 bộ đề năm trước LTTC.pdf | Firm-performance practice Q1 | p.12-15 Source note: Supplementary practice in compilation; not verified as a dated past exam.
FIVE-PF-1,FIVE-PF-1-T15,7,Past paper,Year not stated; compilation | 5 bộ đề năm trước LTTC.pdf | Firm-performance practice Q1 | p.12-15 Source note: Supplementary practice in compilation; not verified as a dated past exam.
FIVE-PF-1,FIVE-PF-1-T16,7,Past paper,Year not stated; compilation | 5 bộ đề năm trước LTTC.pdf | Firm-performance practice Q1 | p.12-15 Source note: Supplementary practice in compilation; not verified as a dated past exam.
FIVE-PF-1,FIVE-PF-1-T17,7,Past paper,Year not stated; compilation | 5 bộ đề năm trước LTTC.pdf | Firm-performance practice Q1 | p.12-15 Source note: Supplementary practice in compilation; not verified as a dated past exam.
FIVE-PF-1,FIVE-PF-1-T18,7,Past paper,Year not stated; compilation | 5 bộ đề năm trước LTTC.pdf | Firm-performance practice Q1 | p.12-15 Source note: Supplementary practice in compilation; not verified as a dated past exam.
FIVE-PF-1,FIVE-PF-1-T19,7,Past paper,Year not stated; compilation | 5 bộ đề năm trước LTTC.pdf | Firm-performance practice Q1 | p.12-15 Source note: Supplementary practice in compilation; not verified as a dated past exam.
FIVE-PF-1,FIVE-PF-1-T20,7,Past paper,Year not stated; compilation | 5 bộ đề năm trước LTTC.pdf | Firm-performance practice Q1 | p.12-15 Source note: Supplementary practice in compilation; not verified as a dated past exam.
FIVE-PF-1,FIVE-PF-1-T21,7,Past paper,Year not stated; compilation | 5 bộ đề năm trước LTTC.pdf | Firm-performance practice Q1 | p.12-15 Source note: Supplementary practice in compilation; not verified as a dated past exam.
FIVE-PF-1,FIVE-PF-1-T22,7,Past paper,Year not stated; compilation | 5 bộ đề năm trước LTTC.pdf | Firm-performance practice Q1 | p.12-15 Source note: Supplementary practice in compilation; not verified as a dated past exam.
FIVE-PF-1,FIVE-PF-1-T23,7,Past paper,Year not stated; compilation | 5 bộ đề năm trước LTTC.pdf | Firm-performance practice Q1 | p.12-15 Source note: Supplementary practice in compilation; not verified as a dated past exam.
FIVE-PF-1,FIVE-PF-1-T24,7,Past paper,Year not stated; compilation | 5 bộ đề năm trước LTTC.pdf | Firm-performance practice Q1 | p.12-15 Source note: Supplementary practice in compilation; not verified as a dated past exam.
FIVE-PF-1,FIVE-PF-1-T25,7,Past paper,Year not stated; compilation | 5 bộ đề năm trước LTTC.pdf | Firm-performance practice Q1 | p.12-15 Source note: Supplementary practice in compilation; not verified as a dated past exam.
FIVE-PF-1,FIVE-PF-1-T26,7,Past paper,Year not stated; compilation | 5 bộ đề năm trước LTTC.pdf | Firm-performance practice Q1 | p.12-15 Source note: Supplementary practice in compilation; not verified as a dated past exam.
FIVE-PF-1,FIVE-PF-1-T27,7,Past paper,Year not stated; compilation | 5 bộ đề năm trước LTTC.pdf | Firm-performance practice Q1 | p.12-15 Source note: Supplementary practice in compilation; not verified as a dated past exam.
FIVE-PF-1,FIVE-PF-1-T28,7,Past paper,Year not stated; compilation | 5 bộ đề năm trước LTTC.pdf | Firm-performance practice Q1 | p.12-15 Source note: Supplementary practice in compilation; not verified as a dated past exam.
FIVE-PF-1,FIVE-PF-1-T29,7,Past paper,Year not stated; compilation | 5 bộ đề năm trước LTTC.pdf | Firm-performance practice Q1 | p.12-15 Source note: Supplementary practice in compilation; not verified as a dated past exam.
FIVE-PF-1,FIVE-PF-1-T30,7,Past paper,Year not stated; compilation | 5 bộ đề năm trước LTTC.pdf | Firm-performance practice Q1 | p.12-15 Source note: Supplementary practice in compilation; not verified as a dated past exam.
FIVE-PF-1,FIVE-PF-1-T31,7,Past paper,Year not stated; compilation | 5 bộ đề năm trước LTTC.pdf | Firm-performance practice Q1 | p.12-15 Source note: Supplementary practice in compilation; not verified as a dated past exam.
FIVE-PF-1,FIVE-PF-1-T32,7,Past paper,Year not stated; compilation | 5 bộ đề năm trước LTTC.pdf | Firm-performance practice Q1 | p.12-15 Source note: Supplementary practice in compilation; not verified as a dated past exam.
FIVE-PF-1,FIVE-PF-1-T33,7,Past paper,Year not stated; compilation | 5 bộ đề năm trước LTTC.pdf | Firm-performance practice Q1 | p.12-15 Source note: Supplementary practice in compilation; not verified as a dated past exam.
FIVE-PF-1,FIVE-PF-1-T34,7,Past paper,Year not stated; compilation | 5 bộ đề năm trước LTTC.pdf | Firm-performance practice Q1 | p.12-15 Source note: Supplementary practice in compilation; not verified as a dated past exam.
FIVE-PF-1,FIVE-PF-1-T35,7,Past paper,Year not stated; compilation | 5 bộ đề năm trước LTTC.pdf | Firm-performance practice Q1 | p.12-15 Source note: Supplementary practice in compilation; not verified as a dated past exam.
FIVE-PF-1,FIVE-PF-1-T36,7,Past paper,Year not stated; compilation | 5 bộ đề năm trước LTTC.pdf | Firm-performance practice Q1 | p.12-15 Source note: Supplementary practice in compilation; not verified as a dated past exam.
FIVE-PF-1,FIVE-PF-1-T37,7,Past paper,Year not stated; compilation | 5 bộ đề năm trước LTTC.pdf | Firm-performance practice Q1 | p.12-15 Source note: Supplementary practice in compilation; not verified as a dated past exam.
FIVE-PF-1,FIVE-PF-1-T38,7,Past paper,Year not stated; compilation | 5 bộ đề năm trước LTTC.pdf | Firm-performance practice Q1 | p.12-15 Source note: Supplementary practice in compilation; not verified as a dated past exam.
FIVE-PF-1,FIVE-PF-1-T39,7,Past paper,Year not stated; compilation | 5 bộ đề năm trước LTTC.pdf | Firm-performance practice Q1 | p.12-15 Source note: Supplementary practice in compilation; not verified as a dated past exam.
FIVE-PF-1,FIVE-PF-1-T40,7,Past paper,Year not stated; compilation | 5 bộ đề năm trước LTTC.pdf | Firm-performance practice Q1 | p.12-15 Source note: Supplementary practice in compilation; not verified as a dated past exam.
FIVE-PF-1,FIVE-PF-1-T41,7,Past paper,Year not stated; compilation | 5 bộ đề năm trước LTTC.pdf | Firm-performance practice Q1 | p.12-15 Source note: Supplementary practice in compilation; not verified as a dated past exam.
FIVE-PF-1,FIVE-PF-1-T42,7,Past paper,Year not stated; compilation | 5 bộ đề năm trước LTTC.pdf | Firm-performance practice Q1 | p.12-15 Source note: Supplementary practice in compilation; not verified as a dated past exam.
FIVE-PF-1,FIVE-PF-1-T43,7,Past paper,Year not stated; compilation | 5 bộ đề năm trước LTTC.pdf | Firm-performance practice Q1 | p.12-15 Source note: Supplementary practice in compilation; not verified as a dated past exam.
FIVE-PF-1,FIVE-PF-1-T44,7,Past paper,Year not stated; compilation | 5 bộ đề năm trước LTTC.pdf | Firm-performance practice Q1 | p.12-15 Source note: Supplementary practice in compilation; not verified as a dated past exam.
FIVE-PF-1,FIVE-PF-1-T45,7,Past paper,Year not stated; compilation | 5 bộ đề năm trước LTTC.pdf | Firm-performance practice Q1 | p.12-15 Source note: Supplementary practice in compilation; not verified as a dated past exam.
FIVE-PF-1,FIVE-PF-1-P46,7,Past paper,Year not stated; compilation | 5 bộ đề năm trước LTTC.pdf | Firm-performance practice Q1 | p.12-15 Source note: Supplementary practice in compilation; not verified as a dated past exam.
FIVE-PF-1,FIVE-PF-1-P47,7,Past paper,Year not stated; compilation | 5 bộ đề năm trước LTTC.pdf | Firm-performance practice Q1 | p.12-15 Source note: Supplementary practice in compilation; not verified as a dated past exam.
FIVE-PF-1,FIVE-PF-1-P48,7,Past paper,Year not stated; compilation | 5 bộ đề năm trước LTTC.pdf | Firm-performance practice Q1 | p.12-15 Source note: Supplementary practice in compilation; not verified as a dated past exam.
FIVE-PF-1,FIVE-PF-1-P49,7,Past paper,Year not stated; compilation | 5 bộ đề năm trước LTTC.pdf | Firm-performance practice Q1 | p.12-15 Source note: Supplementary practice in compilation; not verified as a dated past exam.
FIVE-PF-1,FIVE-PF-1-P50,7,Past paper,Year not stated; compilation | 5 bộ đề năm trước LTTC.pdf | Firm-performance practice Q1 | p.12-15 Source note: Supplementary practice in compilation; not verified as a dated past exam.
FIVE-PF-1,FIVE-PF-1-P51,7,Past paper,Year not stated; compilation | 5 bộ đề năm trước LTTC.pdf | Firm-performance practice Q1 | p.12-15 Source note: Supplementary practice in compilation; not verified as a dated past exam.
FIVE-PF-1,FIVE-PF-1-P52,7,Past paper,Year not stated; compilation | 5 bộ đề năm trước LTTC.pdf | Firm-performance practice Q1 | p.12-15 Source note: Supplementary practice in compilation; not verified as a dated past exam.
FIVE-PF-1,FIVE-PF-1-P53,7,Past paper,Year not stated; compilation | 5 bộ đề năm trước LTTC.pdf | Firm-performance practice Q1 | p.12-15 Source note: Supplementary practice in compilation; not verified as a dated past exam.
FIVE-PF-1,FIVE-PF-1-P54,7,Past paper,Year not stated; compilation | 5 bộ đề năm trước LTTC.pdf | Firm-performance practice Q1 | p.12-15 Source note: Supplementary practice in compilation; not verified as a dated past exam.
FIVE-PF-1,FIVE-PF-1-P55,7,Past paper,Year not stated; compilation | 5 bộ đề năm trước LTTC.pdf | Firm-performance practice Q1 | p.12-15 Source note: Supplementary practice in compilation; not verified as a dated past exam.
FIVE-PF-2,FIVE-PF-2-P1,7,Past paper,Year not stated; compilation | 5 bộ đề năm trước LTTC.pdf | Firm-performance practice Q2 | p.12-15 Source note: Supplementary practice in compilation; not verified as a dated past exam.
FIVE-PF-2,FIVE-PF-2-P2,7,Past paper,Year not stated; compilation | 5 bộ đề năm trước LTTC.pdf | Firm-performance practice Q2 | p.12-15 Source note: Supplementary practice in compilation; not verified as a dated past exam.
FIVE-PF-2,FIVE-PF-2-P3,7,Past paper,Year not stated; compilation | 5 bộ đề năm trước LTTC.pdf | Firm-performance practice Q2 | p.12-15 Source note: Supplementary practice in compilation; not verified as a dated past exam.
FIVE-PF-2,FIVE-PF-2-P4,7,Past paper,Year not stated; compilation | 5 bộ đề năm trước LTTC.pdf | Firm-performance practice Q2 | p.12-15 Source note: Supplementary practice in compilation; not verified as a dated past exam.
FIVE-PF-3,FIVE-PF-3-P1,7,Past paper,Year not stated; compilation | 5 bộ đề năm trước LTTC.pdf | Firm-performance practice Q3 | p.12-15 Source note: Supplementary practice in compilation; not verified as a dated past exam.
FIVE-PF-3,FIVE-PF-3-P2,7,Past paper,Year not stated; compilation | 5 bộ đề năm trước LTTC.pdf | Firm-performance practice Q3 | p.12-15 Source note: Supplementary practice in compilation; not verified as a dated past exam.
FIVE-PF-3,FIVE-PF-3-P3,7,Past paper,Year not stated; compilation | 5 bộ đề năm trước LTTC.pdf | Firm-performance practice Q3 | p.12-15 Source note: Supplementary practice in compilation; not verified as a dated past exam.
FIVE-PF-3,FIVE-PF-3-P4,7,Past paper,Year not stated; compilation | 5 bộ đề năm trước LTTC.pdf | Firm-performance practice Q3 | p.12-15 Source note: Supplementary practice in compilation; not verified as a dated past exam.
FIVE-PF-3,FIVE-PF-3-P5,7,Past paper,Year not stated; compilation | 5 bộ đề năm trước LTTC.pdf | Firm-performance practice Q3 | p.12-15 Source note: Supplementary practice in compilation; not verified as a dated past exam.
FIVE-PF-3,FIVE-PF-3-P6,7,Past paper,Year not stated; compilation | 5 bộ đề năm trước LTTC.pdf | Firm-performance practice Q3 | p.12-15 Source note: Supplementary practice in compilation; not verified as a dated past exam.
FIVE-PF-3,FIVE-PF-3-P7,7,Past paper,Year not stated; compilation | 5 bộ đề năm trước LTTC.pdf | Firm-performance practice Q3 | p.12-15 Source note: Supplementary practice in compilation; not verified as a dated past exam.
FIVE-PF-3,FIVE-PF-3-P8,7,Past paper,Year not stated; compilation | 5 bộ đề năm trước LTTC.pdf | Firm-performance practice Q3 | p.12-15 Source note: Supplementary practice in compilation; not verified as a dated past exam.
FIVE-PF-3,FIVE-PF-3-P9,7,Past paper,Year not stated; compilation | 5 bộ đề năm trước LTTC.pdf | Firm-performance practice Q3 | p.12-15 Source note: Supplementary practice in compilation; not verified as a dated past exam.
FIVE-PF-4,FIVE-PF-4-T1,7,Past paper,Year not stated; compilation | 5 bộ đề năm trước LTTC.pdf | Firm-performance practice Q4 | p.12-15 Source note: Supplementary practice in compilation; not verified as a dated past exam.
FIVE-PF-4,FIVE-PF-4-T2,7,Past paper,Year not stated; compilation | 5 bộ đề năm trước LTTC.pdf | Firm-performance practice Q4 | p.12-15 Source note: Supplementary practice in compilation; not verified as a dated past exam.
FIVE-PF-4,FIVE-PF-4-T3,7,Past paper,Year not stated; compilation | 5 bộ đề năm trước LTTC.pdf | Firm-performance practice Q4 | p.12-15 Source note: Supplementary practice in compilation; not verified as a dated past exam.
FIVE-PF-4,FIVE-PF-4-T4,7,Past paper,Year not stated; compilation | 5 bộ đề năm trước LTTC.pdf | Firm-performance practice Q4 | p.12-15 Source note: Supplementary practice in compilation; not verified as a dated past exam.
FIVE-PF-4,FIVE-PF-4-T5,7,Past paper,Year not stated; compilation | 5 bộ đề năm trước LTTC.pdf | Firm-performance practice Q4 | p.12-15 Source note: Supplementary practice in compilation; not verified as a dated past exam.
FIVE-PF-4,FIVE-PF-4-T6,7,Past paper,Year not stated; compilation | 5 bộ đề năm trước LTTC.pdf | Firm-performance practice Q4 | p.12-15 Source note: Supplementary practice in compilation; not verified as a dated past exam.
FIVE-PF-4,FIVE-PF-4-T7,7,Past paper,Year not stated; compilation | 5 bộ đề năm trước LTTC.pdf | Firm-performance practice Q4 | p.12-15 Source note: Supplementary practice in compilation; not verified as a dated past exam.
FIVE-PF-4,FIVE-PF-4-T8,7,Past paper,Year not stated; compilation | 5 bộ đề năm trước LTTC.pdf | Firm-performance practice Q4 | p.12-15 Source note: Supplementary practice in compilation; not verified as a dated past exam.
FIVE-PF-4,FIVE-PF-4-T9,7,Past paper,Year not stated; compilation | 5 bộ đề năm trước LTTC.pdf | Firm-performance practice Q4 | p.12-15 Source note: Supplementary practice in compilation; not verified as a dated past exam.
FIVE-PF-4,FIVE-PF-4-T10,7,Past paper,Year not stated; compilation | 5 bộ đề năm trước LTTC.pdf | Firm-performance practice Q4 | p.12-15 Source note: Supplementary practice in compilation; not verified as a dated past exam.
FIVE-PF-4,FIVE-PF-4-T11,7,Past paper,Year not stated; compilation | 5 bộ đề năm trước LTTC.pdf | Firm-performance practice Q4 | p.12-15 Source note: Supplementary practice in compilation; not verified as a dated past exam.
FIVE-PF-4,FIVE-PF-4-T12,7,Past paper,Year not stated; compilation | 5 bộ đề năm trước LTTC.pdf | Firm-performance practice Q4 | p.12-15 Source note: Supplementary practice in compilation; not verified as a dated past exam.
FIVE-PF-4,FIVE-PF-4-T13,7,Past paper,Year not stated; compilation | 5 bộ đề năm trước LTTC.pdf | Firm-performance practice Q4 | p.12-15 Source note: Supplementary practice in compilation; not verified as a dated past exam.
FIVE-PF-4,FIVE-PF-4-T14,7,Past paper,Year not stated; compilation | 5 bộ đề năm trước LTTC.pdf | Firm-performance practice Q4 | p.12-15 Source note: Supplementary practice in compilation; not verified as a dated past exam.
FIVE-PF-4,FIVE-PF-4-T15,7,Past paper,Year not stated; compilation | 5 bộ đề năm trước LTTC.pdf | Firm-performance practice Q4 | p.12-15 Source note: Supplementary practice in compilation; not verified as a dated past exam.
FIVE-PF-4,FIVE-PF-4-T16,7,Past paper,Year not stated; compilation | 5 bộ đề năm trước LTTC.pdf | Firm-performance practice Q4 | p.12-15 Source note: Supplementary practice in compilation; not verified as a dated past exam.
FIVE-PF-4,FIVE-PF-4-T17,7,Past paper,Year not stated; compilation | 5 bộ đề năm trước LTTC.pdf | Firm-performance practice Q4 | p.12-15 Source note: Supplementary practice in compilation; not verified as a dated past exam.
FIVE-PF-4,FIVE-PF-4-T18,7,Past paper,Year not stated; compilation | 5 bộ đề năm trước LTTC.pdf | Firm-performance practice Q4 | p.12-15 Source note: Supplementary practice in compilation; not verified as a dated past exam.
FIVE-PF-4,FIVE-PF-4-I,7,Past paper,Year not stated; compilation | 5 bộ đề năm trước LTTC.pdf | Firm-performance practice Q4 | p.12-15 Source note: Supplementary practice in compilation; not verified as a dated past exam.
FIVE-PF-5,FIVE-PF-5-P1,7,Past paper,Year not stated; compilation | 5 bộ đề năm trước LTTC.pdf | Firm-performance practice Q5 | p.12-15 Source note: Supplementary practice in compilation; not verified as a dated past exam.
MID16-16,MID16-16,7,Past paper,2016 (filename; exact exam date not printed) | LTTC-20260831T135230Z-1-001.zip > Principles of Finance 2026-20260831T134745Z-1-001.zip > Exercises/Midterm Exam - sep2016.docx and Copy of Midterm Exam - sep2016.docx | A Q16; Exercises/Mock exam 2020.docx | A Q16
MOCK20-B2,MOCK20-B2-P1,7,Past paper,2020 (filename) | embedded ZIP | Exercises/Mock exam 2020.docx | B Q2
K59-3,K59-3,8,Past paper,K59 / exam year not printed | K59.pdf | Q3 | p.1-7
K59-7,K59-7,8,Past paper,K59 / exam year not printed | K59.pdf | Q7 | p.1-7
K59-11,K59-11,8,Past paper,K59 / exam year not printed | K59.pdf | Q11 | p.1-7
K59-12,K59-12-P1,8,Past paper,K59 / exam year not printed | K59.pdf | Q12 | p.1-7
K59-14,K59-14-P1,8,Past paper,K59 / exam year not printed | K59.pdf | Q14 | p.1-7
K59-21,K59-21,8,Past paper,K59 / exam year not printed | K59.pdf | Q21 | p.1-7
K59-22,K59-22,8,Past paper,K59 / exam year not printed | K59.pdf | Q22 | p.1-7
K59-23,K59-23-P1,8,Past paper,K59 / exam year not printed | K59.pdf | Q23 | p.1-7
TAN-3,TAN-3,8,Past paper,2021-2022; 16 October 2021 | xem-kĩ-Copy-of-de-ck-finance-aaaaaaaaaaaaaaaa.pdf | Q3 | p.2-6
TAN-4,TAN-4,8,Past paper,2021-2022; 16 October 2021 | xem-kĩ-Copy-of-de-ck-finance-aaaaaaaaaaaaaaaa.pdf | Q4 | p.2-6
TAN-5,TAN-5,8,Past paper,2021-2022; 16 October 2021 | xem-kĩ-Copy-of-de-ck-finance-aaaaaaaaaaaaaaaa.pdf | Q5 | p.2-6
TAN-10,TAN-10,8,Past paper,2021-2022; 16 October 2021 | xem-kĩ-Copy-of-de-ck-finance-aaaaaaaaaaaaaaaa.pdf | Q10 | p.2-6
TAN-16,TAN-16,8,Past paper,2021-2022; 16 October 2021 | xem-kĩ-Copy-of-de-ck-finance-aaaaaaaaaaaaaaaa.pdf | Q16 | p.2-6
TAN-19,TAN-19,8,Past paper,2021-2022; 16 October 2021 | xem-kĩ-Copy-of-de-ck-finance-aaaaaaaaaaaaaaaa.pdf | Q19 | p.2-6
TAN-33,TAN-33-P1,8,Past paper,2021-2022; 16 October 2021 | xem-kĩ-Copy-of-de-ck-finance-aaaaaaaaaaaaaaaa.pdf | Q33 | p.2-6
FIVE-PF-6,FIVE-PF-6-P1,8,Past paper,Year not stated; compilation | 5 bộ đề năm trước LTTC.pdf | Firm-performance practice Q6 | p.12-15 Source note: Supplementary practice in compilation; not verified as a dated past exam.
FIVE-PF-7,FIVE-PF-7-P1,8,Past paper,Year not stated; compilation | 5 bộ đề năm trước LTTC.pdf | Firm-performance practice Q7 | p.12-15 Source note: Supplementary practice in compilation; not verified as a dated past exam.
FIVE-PF-7,FIVE-PF-7-P2,8,Past paper,Year not stated; compilation | 5 bộ đề năm trước LTTC.pdf | Firm-performance practice Q7 | p.12-15 Source note: Supplementary practice in compilation; not verified as a dated past exam.
FIVE-PF-7,FIVE-PF-7-P3,8,Past paper,Year not stated; compilation | 5 bộ đề năm trước LTTC.pdf | Firm-performance practice Q7 | p.12-15 Source note: Supplementary practice in compilation; not verified as a dated past exam.
FIVE-PF-7,FIVE-PF-7-P4,8,Past paper,Year not stated; compilation | 5 bộ đề năm trước LTTC.pdf | Firm-performance practice Q7 | p.12-15 Source note: Supplementary practice in compilation; not verified as a dated past exam.
FIVE-PF-7,FIVE-PF-7-P5,8,Past paper,Year not stated; compilation | 5 bộ đề năm trước LTTC.pdf | Firm-performance practice Q7 | p.12-15 Source note: Supplementary practice in compilation; not verified as a dated past exam.
FIVE-PF-8,FIVE-PF-8-P1,8,Past paper,Year not stated; compilation | 5 bộ đề năm trước LTTC.pdf | Firm-performance practice Q8 | p.12-15 Source note: Supplementary practice in compilation; not verified as a dated past exam.
FIVE-PF-9,FIVE-PF-9-P1,8,Past paper,Year not stated; compilation | 5 bộ đề năm trước LTTC.pdf | Firm-performance practice Q9 | p.12-15 Source note: Supplementary practice in compilation; not verified as a dated past exam.
FIVE-PF-10,FIVE-PF-10-P1,8,Past paper,Year not stated; compilation | 5 bộ đề năm trước LTTC.pdf | Firm-performance practice Q10 | p.12-15 Source note: Supplementary practice in compilation; not verified as a dated past exam.
FIVE-PF-10,FIVE-PF-10-P2,8,Past paper,Year not stated; compilation | 5 bộ đề năm trước LTTC.pdf | Firm-performance practice Q10 | p.12-15 Source note: Supplementary practice in compilation; not verified as a dated past exam.
MID16-7,MID16-7,8,Past paper,2016 (filename; exact exam date not printed) | LTTC-20260831T135230Z-1-001.zip > Principles of Finance 2026-20260831T134745Z-1-001.zip > Exercises/Midterm Exam - sep2016.docx and Copy of Midterm Exam - sep2016.docx | A Q7; Exercises/Mock exam 2020.docx | A Q7
TAN-1,TAN-1,9,Past paper,2021-2022; 16 October 2021 | xem-kĩ-Copy-of-de-ck-finance-aaaaaaaaaaaaaaaa.pdf | Q1 | p.2-6
TAN-2,TAN-2,9,Past paper,2021-2022; 16 October 2021 | xem-kĩ-Copy-of-de-ck-finance-aaaaaaaaaaaaaaaa.pdf | Q2 | p.2-6
TAN-7,TAN-7,9,Past paper,2021-2022; 16 October 2021 | xem-kĩ-Copy-of-de-ck-finance-aaaaaaaaaaaaaaaa.pdf | Q7 | p.2-6
TAN-11,TAN-11,9,Past paper,2021-2022; 16 October 2021 | xem-kĩ-Copy-of-de-ck-finance-aaaaaaaaaaaaaaaa.pdf | Q11 | p.2-6
TAN-28,TAN-28-P1,9,Past paper,2021-2022; 16 October 2021 | xem-kĩ-Copy-of-de-ck-finance-aaaaaaaaaaaaaaaa.pdf | Q28 | p.2-6
TAN-29,TAN-29-P1,9,Past paper,2021-2022; 16 October 2021 | xem-kĩ-Copy-of-de-ck-finance-aaaaaaaaaaaaaaaa.pdf | Q29 | p.2-6
FIVE-F2-10,FIVE-F2-10,9,Past paper,"Year not stated; compilation | 5 bộ đề năm trước LTTC.pdf | Set F2, Q10 | p.2-5"
FIVE-F2-14,FIVE-F2-14,9,Past paper,"Year not stated; compilation | 5 bộ đề năm trước LTTC.pdf | Set F2, Q14 | p.2-5"
MOCK18-E3,MOCK18-E3-P1,9,Past paper,2018 | embedded ZIP | Mock Exam 2018.docx | Exercise 3
K59-4,K59-4,2,Past paper,K59.pdf | Q4 | p.6 | Exam year not printed
FIVE-F5-28,FIVE-F5-28-P1,1,Past paper,5 bộ đề năm trước LTTC.pdf | Mock Test 5 | Q28 | p.11 | Year not stated
MOCK20-5,MOCK20-5,1,Past paper,Mock exam 2020.docx | Section A Q5 | 2020 (filename)
